2026-09-14 19:15:51 INFO [app]: 🔄 Log 系統已啟動（設定檔：D:\網頁\預計請購\config.ini，輪轉週期：7 天，保留 52 份）
2026-09-14 19:15:53 INFO [app]: 🔄 Log 系統已啟動（設定檔：D:\網頁\預計請購\config.ini，輪轉週期：7 天，保留 52 份）
2026-09-14 19:18:37 INFO [app]: 🔄 Log 系統已啟動（設定檔：D:\網頁\預計請購\config.ini，輪轉週期：7 天，保留 52 份）
2026-09-14 19:19:13 INFO [app]: 🔄 Log 系統已啟動（設定檔：D:\網頁\預計請購\config.ini，輪轉週期：7 天，保留 52 份）
2026-09-14 19:19:14 INFO [app]: 🔄 Log 系統已啟動（設定檔：D:\網頁\預計請購\config.ini，輪轉週期：7 天，保留 52 份）
2026-09-14 19:19:18 INFO [app]: [KH] [K18251] POST /api/getAllLoginer
2026-09-14 19:19:18 INFO [app]: 登入對應廠區: K18251 → KH (admin.json)
2026-09-14 19:19:18 INFO [app]: [KH] [K18251] POST /api/login
2026-09-14 19:19:19 INFO [app]: [KH] [K18251] POST /api/get-username-info
2026-09-14 19:19:19 INFO [app]: [KH] [K18251] GET /data
2026-09-14 19:19:20 INFO [app]: [KH] [K18251] GET /api/unordered-count
2026-09-14 19:19:21 INFO [app]: [KH] [K18251] GET /api/requesters
2026-09-14 19:19:21 INFO [app]: [KH] [K18251] GET /api/admins
2026-09-14 19:19:21 INFO [app]: [KH] [K18251] GET /api/venders
2026-09-14 19:19:21 INFO [app]: [KH] [K18251] GET /api/get-filters-json/K18251
2026-09-14 19:19:21 INFO [app]: [KH] [K18251] GET /api/getrestofmoney
2026-09-14 19:19:21 INFO [app]: [KH] [K18251] GET /api/message-board/unread/K18251
2026-09-14 19:19:21 INFO [app]: [KH] [K18251] GET /api/get-filters-json/K18251
2026-09-14 19:19:21 INFO [app]: [KH] [K18251] POST /api/save-filters-json
2026-09-14 19:20:21 INFO [app]: [KH] [K18251] GET /api/message-board/unread/K18251
2026-09-14 19:21:21 INFO [app]: [KH] [K18251] GET /api/message-board/unread/K18251
2026-09-14 19:22:00 INFO [app]: [KH] [K18251] POST /api/get-username-info
2026-09-14 19:22:00 INFO [app]: [KH] [K18251] GET /data
2026-09-14 19:22:04 INFO [app]: [KH] [K18251] GET /api/unordered-count
2026-09-14 19:22:04 INFO [app]: [KH] [K18251] GET /api/requesters
2026-09-14 19:22:04 INFO [app]: [KH] [K18251] GET /api/admins
2026-09-14 19:22:04 INFO [app]: [KH] [K18251] GET /api/venders
2026-09-14 19:22:04 INFO [app]: [KH] [K18251] GET /api/get-filters-json/K18251
2026-09-14 19:22:04 INFO [app]: [KH] [K18251] GET /api/getrestofmoney
2026-09-14 19:22:04 INFO [app]: [KH] [K18251] GET /api/message-board/unread/K18251
2026-09-14 19:22:05 INFO [app]: [KH] [K18251] GET /api/get-filters-json/K18251
2026-09-14 19:22:05 INFO [app]: [KH] [K18251] POST /api/save-filters-json
2026-09-14 19:22:18 INFO [app]: [KH] [23911] POST /api/getAllLoginer
2026-09-14 19:22:18 WARNING [app]: 登入失敗，找不到工號: 23911
2026-09-14 19:22:18 INFO [app]: [KH] [23911] POST /api/getAllLoginer
2026-09-14 19:22:18 WARNING [app]: 登入失敗，找不到工號: 23911
2026-09-14 19:22:28 INFO [app]: [KH] [K21423] POST /api/getAllLoginer
2026-09-14 19:22:28 INFO [app]: 登入對應廠區: K21423 → KH (KH_Backend_data.json)
2026-09-14 19:22:28 INFO [app]: [KH] [K21423] POST /api/login
2026-09-14 19:22:28 INFO [app]: [KH] [K21423] POST /api/get-username-info
2026-09-14 19:22:28 INFO [app]: [KH] [K21423] GET /data
2026-09-14 19:22:32 INFO [app]: [KH] [K21423] GET /api/unordered-count
2026-09-14 19:22:32 INFO [app]: [KH] [K21423] GET /api/requesters
2026-09-14 19:22:32 INFO [app]: [KH] [K21423] GET /api/admins
2026-09-14 19:22:32 INFO [app]: [KH] [K21423] GET /api/venders
2026-09-14 19:22:32 INFO [app]: [KH] [K21423] GET /api/get-filters-json/K21423
2026-09-14 19:22:32 INFO [app]: [KH] [K21423] GET /api/getrestofmoney
2026-09-14 19:22:32 INFO [app]: [KH] [K21423] GET /api/message-board/unread/K21423
2026-09-14 19:22:33 INFO [app]: [KH] [K21423] GET /api/get-filters-json/K21423
2026-09-14 19:22:33 INFO [app]: [KH] [K21423] POST /api/save-filters-json
2026-09-14 19:22:37 INFO [app]: [KH] [K21423] GET /api/get-filters-json/K21423
2026-09-14 19:22:37 INFO [app]: [KH] [K21423] GET /api/admins
2026-09-14 19:22:37 INFO [app]: [KH] [K21423] GET /api/buyer_detail
2026-09-14 19:22:38 INFO [app]: [KH] [K21423] GET /api/get_unaccounted_amount
2026-09-14 19:22:38 INFO [app]: [KH] [K21423] GET /api/accounting_summary
2026-09-14 19:22:39 INFO [app]: [KH] [K21423] GET /api/monthly_actual_accounting
2026-09-14 19:22:40 INFO [app]: [KH] [K21423] GET /api/getrestofmoney
2026-09-14 19:22:40 INFO [app]: [KH] [K21423] GET /api/next_month_amount
2026-09-14 19:22:40 INFO [app]: ✅ 計算金額欄位已建立
2026-09-14 19:22:40 INFO [app]: 📅 下個月日期範圍: 2026-10-01 ~ 2026-10-31
2026-09-14 19:22:40 INFO [app]: 🔢 整數格式: 20261001 ~ 20261031
2026-09-14 19:22:40 INFO [app]: ✅ 符合條件的資料共 6 筆
2026-09-14 19:22:40 INFO [app]: 💰 下個月預計入帳總金額: 1,042,844 元
2026-09-14 19:22:40 INFO [app]: ✅ API 執行成功
2026-09-14 19:22:40 INFO [app]: ❌ 計算下個月預計入帳失敗: Object of type SitePath is not JSON serializable
2026-09-14 19:22:40 INFO [app]: ❌ 詳細錯誤：
2026-09-14 19:22:40 INFO [app]: Traceback (most recent call last):
  File "D:\網頁\預計請購\app.py", line 4964, in get_next_month_amount
    return jsonify(result)
  File "C:\Users\User\AppData\Local\Programs\Python\Python39\lib\site-packages\flask\json\__init__.py", line 170, in jsonify
    return current_app.json.response(*args, **kwargs)
  File "C:\Users\User\AppData\Local\Programs\Python\Python39\lib\site-packages\flask\json\provider.py", line 215, in response
    f"{self.dumps(obj, **dump_args)}\n", mimetype=self.mimetype
  File "C:\Users\User\AppData\Local\Programs\Python\Python39\lib\site-packages\flask\json\provider.py", line 180, in dumps
    return json.dumps(obj, **kwargs)
  File "C:\Users\User\AppData\Local\Programs\Python\Python39\lib\json\__init__.py", line 234, in dumps
    return cls(
  File "C:\Users\User\AppData\Local\Programs\Python\Python39\lib\json\encoder.py", line 201, in encode
    chunks = list(chunks)
  File "C:\Users\User\AppData\Local\Programs\Python\Python39\lib\json\encoder.py", line 431, in _iterencode
    yield from _iterencode_dict(o, _current_indent_level)
  File "C:\Users\User\AppData\Local\Programs\Python\Python39\lib\json\encoder.py", line 405, in _iterencode_dict
    yield from chunks
  File "C:\Users\User\AppData\Local\Programs\Python\Python39\lib\json\encoder.py", line 438, in _iterencode
    o = _default(o)
  File "C:\Users\User\AppData\Local\Programs\Python\Python39\lib\site-packages\flask\json\provider.py", line 120, in _default
    raise TypeError(f"Object of type {type(o).__name__} is not JSON serializable")
TypeError: Object of type SitePath is not JSON serializable

2026-09-14 19:22:54 INFO [app]: [KH] [K21423] POST /api/get-username-info
2026-09-14 19:22:54 INFO [app]: [KH] [K21423] GET /data
2026-09-14 19:22:58 INFO [app]: [KH] [K21423] GET /api/unordered-count
2026-09-14 19:22:58 INFO [app]: [KH] [K21423] GET /api/requesters
2026-09-14 19:22:58 INFO [app]: [KH] [K21423] GET /api/admins
2026-09-14 19:22:58 INFO [app]: [KH] [K21423] GET /api/venders
2026-09-14 19:22:58 INFO [app]: [KH] [K21423] GET /api/get-filters-json/K21423
2026-09-14 19:22:58 INFO [app]: [KH] [K21423] GET /api/getrestofmoney
2026-09-14 19:22:58 INFO [app]: [KH] [K21423] GET /api/message-board/unread/K21423
2026-09-14 19:22:58 INFO [app]: [KH] [K21423] GET /api/get-all-items-with-approval
2026-09-14 19:22:58 INFO [app]: [KH] [K21423] GET /api/buyer_detail
2026-09-14 19:22:58 INFO [app]: ✅ 自動更新 1 筆已開單資料為已確認
2026-09-14 19:22:59 INFO [app]: ✅ 已新增/更新主任簽核和叔叔簽核欄位
2026-09-14 19:23:13 INFO [app]: [KH] [K21423] POST /api/get-username-info
2026-09-14 19:23:13 INFO [app]: [KH] [K21423] GET /data
2026-09-14 19:23:16 INFO [app]: [KH] [K21423] GET /api/unordered-count
2026-09-14 19:23:17 INFO [app]: [KH] [K21423] GET /api/requesters
2026-09-14 19:23:17 INFO [app]: [KH] [K21423] GET /api/admins
2026-09-14 19:23:17 INFO [app]: [KH] [K21423] GET /api/venders
2026-09-14 19:23:17 INFO [app]: [KH] [K21423] GET /api/get-filters-json/K21423
2026-09-14 19:23:17 INFO [app]: [KH] [K21423] GET /api/getrestofmoney
2026-09-14 19:23:17 INFO [app]: [KH] [K21423] GET /api/message-board/unread/K21423
2026-09-14 19:23:17 INFO [app]: [KH] [K21423] GET /api/get-filters-json/K21423
2026-09-14 19:23:17 INFO [app]: [KH] [K21423] POST /api/save-filters-json
2026-09-14 19:24:17 INFO [app]: [KH] [K21423] GET /api/buyer_detail
2026-09-14 19:24:18 INFO [app]: [KH] [K21423] GET /api/get_unaccounted_amount
2026-09-14 19:24:18 INFO [app]: [KH] [K21423] GET /api/accounting_summary
2026-09-14 19:24:18 INFO [app]: [KH] [K21423] POST /api/get-username-info
2026-09-14 19:24:18 INFO [app]: [KH] [K21423] GET /data
2026-09-14 19:25:11 INFO [app]: 🔄 Log 系統已啟動（設定檔：D:\網頁\預計請購\config.ini，輪轉週期：7 天，保留 52 份）
2026-09-14 19:27:19 INFO [app]: 🔄 Log 系統已啟動（設定檔：D:\網頁\預計請購\config.ini，輪轉週期：7 天，保留 52 份）
2026-09-14 19:27:20 INFO [app]: 🔄 Log 系統已啟動（設定檔：D:\網頁\預計請購\config.ini，輪轉週期：7 天，保留 52 份）
2026-09-14 19:27:22 INFO [app]: [KH] [G9743] POST /api/getAllLoginer
2026-09-14 19:27:22 INFO [app]: 登入對應廠區: G9743 → KL (admin.json)
2026-09-14 19:27:22 INFO [app]: [KL] [G9743] POST /api/login
2026-09-14 19:27:22 INFO [app]: [KL] [G9743] POST /api/get-username-info
2026-09-14 19:27:22 INFO [app]: [KL] [G9743] GET /data
2026-09-14 19:27:22 INFO [app]: [KL] [G9743] GET /api/unordered-count
2026-09-14 19:27:22 INFO [app]: [KL] [G9743] GET /api/requesters
2026-09-14 19:27:22 INFO [app]: [KL] [G9743] GET /api/admins
2026-09-14 19:27:22 INFO [app]: [KL] [G9743] GET /api/venders
2026-09-14 19:27:22 INFO [app]: [KL] [G9743] GET /api/get-filters-json/G9743
2026-09-14 19:27:22 INFO [app]: [KL] [G9743] GET /api/getrestofmoney
2026-09-14 19:27:22 INFO [app]: [KL] [G9743] GET /api/message-board/unread/G9743
2026-09-14 19:27:22 INFO [app]: [KL] [G9743] GET /api/get-filters-json/G9743
2026-09-14 19:27:22 INFO [app]: [KL] [G9743] POST /api/save-filters-json
2026-09-14 19:28:23 INFO [app]: [KL] [G9743] GET /api/message-board/unread/G9743
2026-09-14 19:29:23 INFO [app]: [KL] [G9743] GET /api/message-board/unread/G9743
2026-09-14 19:30:23 INFO [app]: [KL] [G9743] GET /api/message-board/unread/G9743
2026-09-14 19:31:23 INFO [app]: [KL] [G9743] GET /api/message-board/unread/G9743
2026-09-14 19:32:23 INFO [app]: [KL] [G9743] GET /api/message-board/unread/G9743
2026-09-14 19:33:23 INFO [app]: [KL] [G9743] GET /api/message-board/unread/G9743
2026-09-14 19:34:23 INFO [app]: [KL] [G9743] GET /api/message-board/unread/G9743
2026-09-14 19:35:24 INFO [app]: [KL] [G9743] GET /api/message-board/unread/G9743
2026-09-14 19:36:25 INFO [app]: [KL] [G9743] GET /api/message-board/unread/G9743
2026-09-14 19:36:34 INFO [app]: [KL] [G9743] POST /api/get-username-info
2026-09-14 19:36:34 INFO [app]: [KL] [G9743] GET /data
2026-09-14 19:36:34 INFO [app]: [KL] [G9743] GET /api/unordered-count
2026-09-14 19:36:34 INFO [app]: [KL] [G9743] GET /api/requesters
2026-09-14 19:36:34 INFO [app]: [KL] [G9743] GET /api/admins
2026-09-14 19:36:34 INFO [app]: [KL] [G9743] GET /api/venders
2026-09-14 19:36:34 INFO [app]: [KL] [G9743] GET /api/get-filters-json/G9743
2026-09-14 19:36:34 INFO [app]: [KL] [G9743] GET /api/getrestofmoney
2026-09-14 19:36:34 INFO [app]: [KL] [G9743] GET /api/message-board/unread/G9743
2026-09-14 19:36:35 INFO [app]: [KL] [G9743] GET /api/get-filters-json/G9743
2026-09-14 19:36:35 INFO [app]: [KL] [G9743] POST /api/save-filters-json
2026-09-14 19:36:44 INFO [app]: [KL] [G9743] POST /api/uploadMoney
2026-09-14 19:36:47 INFO [app]: [KL] [G9743] POST /api/get-username-info
2026-09-14 19:36:47 INFO [app]: [KL] [G9743] GET /data
2026-09-14 19:36:47 INFO [app]: [KL] [G9743] GET /api/unordered-count
2026-09-14 19:36:47 INFO [app]: [KL] [G9743] GET /api/requesters
2026-09-14 19:36:47 INFO [app]: [KL] [G9743] GET /api/admins
2026-09-14 19:36:47 INFO [app]: [KL] [G9743] GET /api/venders
2026-09-14 19:36:47 INFO [app]: [KL] [G9743] GET /api/get-filters-json/G9743
2026-09-14 19:36:47 INFO [app]: [KL] [G9743] GET /api/getrestofmoney
2026-09-14 19:36:47 INFO [app]: [KL] [G9743] GET /api/message-board/unread/G9743
2026-09-14 19:36:48 INFO [app]: [KL] [G9743] GET /api/get-filters-json/G9743
2026-09-14 19:36:48 INFO [app]: [KL] [G9743] POST /api/save-filters-json
2026-09-14 19:36:58 INFO [app]: 🔄 Log 系統已啟動（設定檔：D:\網頁\預計請購\config.ini，輪轉週期：7 天，保留 52 份）
2026-09-14 19:37:01 INFO [app]: 🔄 Log 系統已啟動（設定檔：D:\網頁\預計請購\config.ini，輪轉週期：7 天，保留 52 份）
2026-09-14 19:37:01 INFO [app]: [KL] [G9743] POST /api/get-username-info
2026-09-14 19:37:01 INFO [app]: [KL] [G9743] GET /data
2026-09-14 19:37:01 INFO [app]: [KL] [G9743] GET /api/unordered-count
2026-09-14 19:37:01 INFO [app]: [KL] [G9743] GET /api/requesters
2026-09-14 19:37:01 INFO [app]: [KL] [G9743] GET /api/admins
2026-09-14 19:37:01 INFO [app]: [KL] [G9743] GET /api/venders
2026-09-14 19:37:01 INFO [app]: [KL] [G9743] GET /api/get-filters-json/G9743
2026-09-14 19:37:01 INFO [app]: [KL] [G9743] GET /api/getrestofmoney
2026-09-14 19:37:01 INFO [app]: [KL] [G9743] GET /api/message-board/unread/G9743
2026-09-14 19:37:02 INFO [app]: [KL] [G9743] GET /api/get-filters-json/G9743
2026-09-14 19:37:02 INFO [app]: [KL] [G9743] POST /api/save-filters-json
2026-09-14 19:38:02 INFO [app]: [KL] [G9743] GET /api/message-board/unread/G9743
2026-09-14 19:38:48 INFO [app]: 🔄 Log 系統已啟動（設定檔：D:\網頁\預計請購\config.ini，輪轉週期：7 天，保留 52 份）
2026-09-14 19:38:49 INFO [app]: 🔄 Log 系統已啟動（設定檔：D:\網頁\預計請購\config.ini，輪轉週期：7 天，保留 52 份）
2026-09-14 19:38:52 INFO [app]: [KL] [G9743] POST /api/get-username-info
2026-09-14 19:38:52 INFO [app]: [KL] [G9743] GET /data
2026-09-14 19:38:52 INFO [app]: [KL] [G9743] GET /api/unordered-count
2026-09-14 19:38:52 INFO [app]: [KL] [G9743] GET /api/requesters
2026-09-14 19:38:52 INFO [app]: [KL] [G9743] GET /api/admins
2026-09-14 19:38:52 INFO [app]: [KL] [G9743] GET /api/venders
2026-09-14 19:38:52 INFO [app]: [KL] [G9743] GET /api/get-filters-json/G9743
2026-09-14 19:38:53 INFO [app]: [KL] [G9743] GET /api/getrestofmoney
2026-09-14 19:38:53 INFO [app]: [KL] [G9743] GET /api/message-board/unread/G9743
2026-09-14 19:38:53 INFO [app]: [KL] [G9743] GET /api/get-filters-json/G9743
2026-09-14 19:38:53 INFO [app]: [KL] [G9743] POST /api/save-filters-json
2026-09-14 19:38:55 INFO [app]: [KL] [G9743] POST /api/get-username-info
2026-09-14 19:38:55 INFO [app]: [KL] [G9743] GET /data
2026-09-14 19:38:56 INFO [app]: [KL] [G9743] GET /api/unordered-count
2026-09-14 19:38:56 INFO [app]: [KL] [G9743] GET /api/requesters
2026-09-14 19:38:56 INFO [app]: [KL] [G9743] GET /api/admins
2026-09-14 19:38:56 INFO [app]: [KL] [G9743] GET /api/venders
2026-09-14 19:38:56 INFO [app]: [KL] [G9743] GET /api/get-filters-json/G9743
2026-09-14 19:38:56 INFO [app]: [KL] [G9743] GET /api/getrestofmoney
2026-09-14 19:38:56 INFO [app]: [KL] [G9743] GET /api/message-board/unread/G9743
2026-09-14 19:38:56 INFO [app]: [KL] [G9743] GET /api/get-filters-json/G9743
2026-09-14 19:38:56 INFO [app]: [KL] [G9743] POST /api/save-filters-json
2026-09-14 19:39:03 INFO [app]: [KH] [G9743] POST /api/getAllLoginer
2026-09-14 19:39:03 INFO [app]: 登入對應廠區: G9743 → KL (admin.json)
2026-09-14 19:39:03 INFO [app]: [KL] [G9743] POST /api/login
2026-09-14 19:39:03 INFO [app]: [KL] [G9743] POST /api/get-username-info
2026-09-14 19:39:03 INFO [app]: [KL] [G9743] GET /data
2026-09-14 19:39:03 INFO [app]: [KL] [G9743] GET /api/unordered-count
2026-09-14 19:39:03 INFO [app]: [KL] [G9743] GET /api/requesters
2026-09-14 19:39:03 INFO [app]: [KL] [G9743] GET /api/admins
2026-09-14 19:39:03 INFO [app]: [KL] [G9743] GET /api/venders
2026-09-14 19:39:03 INFO [app]: [KL] [G9743] GET /api/get-filters-json/G9743
2026-09-14 19:39:03 INFO [app]: [KL] [G9743] GET /api/getrestofmoney
2026-09-14 19:39:03 INFO [app]: [KL] [G9743] GET /api/message-board/unread/G9743
2026-09-14 19:39:04 INFO [app]: [KL] [G9743] GET /api/get-filters-json/G9743
2026-09-14 19:39:04 INFO [app]: [KL] [G9743] POST /api/save-filters-json
2026-09-14 19:39:05 INFO [app]: [KL] [G9743] POST /api/get-username-info
2026-09-14 19:40:03 INFO [app]: [KL] [G9743] GET /api/message-board/unread/G9743
2026-09-14 19:40:45 INFO [app]: 🔄 Log 系統已啟動（設定檔：D:\網頁\預計請購\config.ini，輪轉週期：7 天，保留 52 份）
2026-09-14 19:40:46 INFO [app]: 🔄 Log 系統已啟動（設定檔：D:\網頁\預計請購\config.ini，輪轉週期：7 天，保留 52 份）
2026-09-14 19:40:51 INFO [app]: [KL] [G9743] POST /api/get-username-info
2026-09-14 19:40:51 INFO [app]: [KL] [G9743] GET /data
2026-09-14 19:40:51 INFO [app]: [KL] [G9743] GET /api/unordered-count
2026-09-14 19:40:51 INFO [app]: [KL] [G9743] GET /api/requesters
2026-09-14 19:40:51 INFO [app]: [KL] [G9743] GET /api/admins
2026-09-14 19:40:51 INFO [app]: [KL] [G9743] GET /api/venders
2026-09-14 19:40:51 INFO [app]: [KL] [G9743] GET /api/get-filters-json/G9743
2026-09-14 19:40:51 INFO [app]: [KL] [G9743] GET /api/getrestofmoney
2026-09-14 19:40:51 INFO [app]: [KL] [G9743] GET /api/message-board/unread/G9743
2026-09-14 19:40:52 INFO [app]: [KL] [G9743] POST /api/get-username-info
2026-09-14 19:40:52 INFO [app]: [KL] [G9743] GET /api/get-filters-json/G9743
2026-09-14 19:40:52 INFO [app]: [KL] [G9743] POST /api/save-filters-json
2026-09-14 19:41:18 INFO [app]: [KL] [G9743] POST /api/checkeEPRno
2026-09-14 19:41:18 INFO [app]: [KL] [G9743] POST /api/add
2026-09-14 19:41:18 INFO [app]: [KL] [G9743] GET /data
2026-09-14 19:41:18 INFO [app]: [KL] [G9743] GET /api/unordered-count
2026-09-14 19:41:18 INFO [app]: [KL] [G9743] GET /api/getrestofmoney
2026-09-14 19:41:18 INFO [app]: [KL] [G9743] GET /api/requesters
2026-09-14 19:41:18 INFO [app]: [KL] [G9743] GET /api/admins
2026-09-14 19:41:19 INFO [app]: [KL] [G9743] GET /api/get-filters-json/G9743
2026-09-14 19:41:19 INFO [app]: [KL] [G9743] POST /api/save-filters-json
2026-09-14 19:41:23 INFO [app]: [KL] [G9743] GET /api/get-filters-json/G9743
2026-09-14 19:41:23 INFO [app]: [KL] [G9743] GET /api/admins
2026-09-14 19:41:23 INFO [app]: [KL] [G9743] GET /api/buyer_detail
2026-09-14 19:41:23 INFO [app]: [KL] [G9743] GET /api/get_unaccounted_amount
2026-09-14 19:41:23 INFO [app]: [KL] [G9743] GET /api/accounting_summary
2026-09-14 19:41:23 INFO [app]: [KL] [G9743] GET /api/monthly_actual_accounting
2026-09-14 19:41:23 INFO [app]: [KL] [G9743] GET /api/getrestofmoney
2026-09-14 19:41:23 INFO [app]: [KL] [G9743] GET /api/next_month_amount
2026-09-14 19:41:23 INFO [app]: ✅ 計算金額欄位已建立
2026-09-14 19:41:23 INFO [app]: 📅 下個月日期範圍: 2026-10-01 ~ 2026-10-31
2026-09-14 19:41:23 INFO [app]: 🔢 整數格式: 20261001 ~ 20261031
2026-09-14 19:41:23 INFO [app]: ✅ 符合條件的資料共 0 筆
2026-09-14 19:41:23 INFO [app]: 💰 下個月預計入帳總金額: 0 元
2026-09-14 19:41:23 INFO [app]: ✅ API 執行成功
2026-09-14 19:41:29 INFO [app]: [KL] [G9743] POST /api/get-username-info
2026-09-14 19:41:29 INFO [app]: [KL] [G9743] GET /data
2026-09-14 19:41:29 INFO [app]: [KL] [G9743] GET /api/unordered-count
2026-09-14 19:41:29 INFO [app]: [KL] [G9743] GET /api/requesters
2026-09-14 19:41:29 INFO [app]: [KL] [G9743] GET /api/admins
2026-09-14 19:41:29 INFO [app]: [KL] [G9743] GET /api/venders
2026-09-14 19:41:30 INFO [app]: [KL] [G9743] GET /api/get-filters-json/G9743
2026-09-14 19:41:30 INFO [app]: [KL] [G9743] GET /api/getrestofmoney
2026-09-14 19:41:30 INFO [app]: [KL] [G9743] GET /api/message-board/unread/G9743
2026-09-14 19:41:30 INFO [app]: [KL] [G9743] GET /api/get-filters-json/G9743
2026-09-14 19:41:30 INFO [app]: [KL] [G9743] POST /api/save-filters-json
2026-09-14 19:41:44 INFO [app]: [KL] [G9743] GET /api/get-filters-json/G9743
2026-09-14 19:41:44 INFO [app]: [KL] [G9743] POST /api/save-filters-json
2026-09-14 19:41:47 INFO [app]: [KL] [G9743] POST /api/get-username-info
2026-09-14 19:41:47 INFO [app]: [KL] [G9743] GET /data
2026-09-14 19:41:47 INFO [app]: [KL] [G9743] GET /api/unordered-count
2026-09-14 19:41:47 INFO [app]: [KL] [G9743] GET /api/requesters
2026-09-14 19:41:47 INFO [app]: [KL] [G9743] GET /api/admins
2026-09-14 19:41:47 INFO [app]: [KL] [G9743] GET /api/venders
2026-09-14 19:41:47 INFO [app]: [KL] [G9743] GET /api/get-filters-json/G9743
2026-09-14 19:41:47 INFO [app]: [KL] [G9743] GET /api/getrestofmoney
2026-09-14 19:41:47 INFO [app]: [KL] [G9743] GET /api/message-board/unread/G9743
2026-09-14 19:41:48 INFO [app]: [KL] [G9743] GET /api/get-filters-json/G9743
2026-09-14 19:41:48 INFO [app]: [KL] [G9743] POST /api/save-filters-json
2026-09-14 19:42:27 INFO [app]: [KL] [G9743] GET /api/get-filters-json/G9743
2026-09-14 19:42:27 INFO [app]: [KL] [G9743] GET /api/admins
2026-09-14 19:42:27 INFO [app]: [KL] [G9743] GET /api/buyer_detail
2026-09-14 19:42:27 INFO [app]: [KL] [G9743] GET /api/get_unaccounted_amount
2026-09-14 19:42:28 INFO [app]: [KL] [G9743] GET /api/accounting_summary
2026-09-14 19:42:28 INFO [app]: [KL] [G9743] GET /api/monthly_actual_accounting
2026-09-14 19:42:28 INFO [app]: [KL] [G9743] GET /api/getrestofmoney
2026-09-14 19:42:28 INFO [app]: [KL] [G9743] GET /api/next_month_amount
2026-09-14 19:42:28 INFO [app]: ✅ 計算金額欄位已建立
2026-09-14 19:42:28 INFO [app]: 📅 下個月日期範圍: 2026-10-01 ~ 2026-10-31
2026-09-14 19:42:28 INFO [app]: 🔢 整數格式: 20261001 ~ 20261031
2026-09-14 19:42:28 INFO [app]: ✅ 符合條件的資料共 0 筆
2026-09-14 19:42:28 INFO [app]: 💰 下個月預計入帳總金額: 0 元
2026-09-14 19:42:28 INFO [app]: ✅ API 執行成功
2026-09-14 19:42:29 INFO [app]: [KL] [G9743] POST /api/get-username-info
2026-09-14 19:42:29 INFO [app]: [KL] [G9743] GET /data
2026-09-14 19:42:29 INFO [app]: [KL] [G9743] GET /api/unordered-count
2026-09-14 19:42:29 INFO [app]: [KL] [G9743] GET /api/requesters
2026-09-14 19:42:29 INFO [app]: [KL] [G9743] GET /api/admins
2026-09-14 19:42:29 INFO [app]: [KL] [G9743] GET /api/venders
2026-09-14 19:42:29 INFO [app]: [KL] [G9743] GET /api/get-filters-json/G9743
2026-09-14 19:42:29 INFO [app]: [KL] [G9743] GET /api/getrestofmoney
2026-09-14 19:42:29 INFO [app]: [KL] [G9743] GET /api/message-board/unread/G9743
2026-09-14 19:42:30 INFO [app]: [KL] [G9743] GET /api/get-filters-json/G9743
2026-09-14 19:42:30 INFO [app]: [KL] [G9743] POST /api/save-filters-json
2026-09-14 19:42:32 INFO [app]: [KL] [G9743] POST /api/get-username-info
2026-09-14 19:42:32 INFO [app]: [KL] [G9743] GET /api/message-board/last-read/G9743
2026-09-14 19:42:32 INFO [app]: [KL] [G9743] GET /api/message-board/latest-timestamps
2026-09-14 19:42:32 INFO [app]: [KL] [G9743] GET /api/message-board/messages/general
2026-09-14 19:42:35 INFO [app]: [KL] [G9743] GET /api/message-board/messages/general
2026-09-14 19:42:35 INFO [app]: [KL] [G9743] GET /api/message-board/latest-timestamps
2026-09-14 19:42:37 INFO [app]: [KL] [G9743] POST /api/get-username-info
2026-09-14 19:42:37 INFO [app]: [KL] [G9743] GET /data
2026-09-14 19:42:37 INFO [app]: [KL] [G9743] GET /api/unordered-count
2026-09-14 19:42:37 INFO [app]: [KL] [G9743] GET /api/requesters
2026-09-14 19:42:37 INFO [app]: [KL] [G9743] GET /api/admins
2026-09-14 19:42:37 INFO [app]: [KL] [G9743] GET /api/venders
2026-09-14 19:42:37 INFO [app]: [KL] [G9743] GET /api/get-filters-json/G9743
2026-09-14 19:42:37 INFO [app]: [KL] [G9743] GET /api/getrestofmoney
2026-09-14 19:42:37 INFO [app]: [KL] [G9743] GET /api/message-board/unread/G9743
2026-09-14 19:42:38 INFO [app]: [KL] [G9743] GET /api/get-filters-json/G9743
2026-09-14 19:42:38 INFO [app]: [KL] [G9743] POST /api/save-filters-json
2026-09-14 19:42:42 INFO [app]: [KL] [G9743] POST /api/get-username-info
2026-09-14 19:42:42 INFO [app]: [KL] [G9743] GET /api/message-board/last-read/G9743
2026-09-14 19:42:42 INFO [app]: [KL] [G9743] GET /api/message-board/latest-timestamps
2026-09-14 19:42:42 INFO [app]: [KL] [G9743] GET /api/message-board/messages/general
2026-09-14 19:42:44 INFO [app]: [KL] [G9743] POST /api/message-board/send
2026-09-14 19:42:44 INFO [app]: [KL] [G9743] POST /api/message-board/mark-read
2026-09-14 19:42:44 INFO [app]: [KL] [G9743] POST /api/message-board/mark-read
2026-09-14 19:42:45 INFO [app]: [KL] [G9743] GET /api/message-board/latest-timestamps
2026-09-14 19:42:45 INFO [app]: [KL] [G9743] GET /api/message-board/messages/general
2026-09-14 19:42:48 INFO [app]: [KL] [G9743] GET /api/message-board/messages/general
2026-09-14 19:42:48 INFO [app]: [KL] [G9743] GET /api/message-board/latest-timestamps
2026-09-14 19:42:50 INFO [app]: [KL] [G9743] POST /api/get-username-info
2026-09-14 19:42:50 INFO [app]: [KL] [G9743] GET /data
2026-09-14 19:42:50 INFO [app]: [KL] [G9743] GET /api/unordered-count
2026-09-14 19:42:50 INFO [app]: [KL] [G9743] GET /api/requesters
2026-09-14 19:42:50 INFO [app]: [KL] [G9743] GET /api/admins
2026-09-14 19:42:50 INFO [app]: [KL] [G9743] GET /api/venders
2026-09-14 19:42:50 INFO [app]: [KL] [G9743] GET /api/get-filters-json/G9743
2026-09-14 19:42:50 INFO [app]: [KL] [G9743] GET /api/getrestofmoney
2026-09-14 19:42:50 INFO [app]: [KL] [G9743] GET /api/message-board/unread/G9743
2026-09-14 19:42:51 INFO [app]: [KL] [G9743] GET /api/get-filters-json/G9743
2026-09-14 19:42:51 INFO [app]: [KL] [G9743] POST /api/save-filters-json
2026-09-14 19:43:50 INFO [app]: [KL] [G9743] GET /api/message-board/unread/G9743
2026-09-14 19:44:50 INFO [app]: [KL] [G9743] GET /api/message-board/unread/G9743
2026-09-14 19:45:15 INFO [app]: [KL] [G9743] GET /api/get_detail/1093c7a1-696a-44fe-9934-7c1e4a3e79ae
2026-09-14 19:45:50 INFO [app]: [KL] [G9743] GET /api/message-board/unread/G9743
2026-09-14 19:46:51 INFO [app]: [KL] [G9743] GET /api/message-board/unread/G9743
2026-09-14 19:47:20 INFO [app]: [KL] [G9743] POST /api/get-username-info
2026-09-14 19:47:20 INFO [app]: [KL] [G9743] GET /data
2026-09-14 19:47:20 INFO [app]: [KL] [G9743] GET /api/unordered-count
2026-09-14 19:47:20 INFO [app]: [KL] [G9743] GET /api/requesters
2026-09-14 19:47:20 INFO [app]: [KL] [G9743] GET /api/admins
2026-09-14 19:47:20 INFO [app]: [KL] [G9743] GET /api/venders
2026-09-14 19:47:20 INFO [app]: [KL] [G9743] GET /api/get-filters-json/G9743
2026-09-14 19:47:20 INFO [app]: [KL] [G9743] GET /api/getrestofmoney
2026-09-14 19:47:20 INFO [app]: [KL] [G9743] GET /api/message-board/unread/G9743
2026-09-14 19:47:21 INFO [app]: [KL] [G9743] GET /api/get-filters-json/G9743
2026-09-14 19:47:21 INFO [app]: [KL] [G9743] POST /api/save-filters-json
2026-09-14 19:47:23 INFO [app]: [KL] [G9743] GET /api/get_detail/1093c7a1-696a-44fe-9934-7c1e4a3e79ae
2026-09-14 19:47:26 INFO [app]: [KL] [G9743] GET /api/admins
2026-09-14 19:47:26 INFO [app]: [KL] [G9743] POST /api/getUsername
2026-09-14 19:48:05 INFO [app]: [KL] [G9743] GET /api/admins
2026-09-14 19:48:05 INFO [app]: [KL] [G9743] POST /api/getUsername
2026-09-14 19:48:06 INFO [app]: [KL] [G9743] POST /api/sendmail
2026-09-14 19:48:20 INFO [app]: [KL] [G9743] POST /api/sendmail
2026-09-14 19:55:16 INFO [app]: 🔄 Log 系統已啟動（設定檔：D:\網頁\預計請購\config.ini，輪轉週期：7 天，保留 52 份）
2026-09-14 19:55:29 INFO [app]: 🔄 Log 系統已啟動（設定檔：D:\網頁\預計請購\config.ini，輪轉週期：7 天，保留 52 份）
2026-09-14 19:55:39 INFO [app]: 🔄 Log 系統已啟動（設定檔：D:\網頁\預計請購\config.ini，輪轉週期：7 天，保留 52 份）
2026-09-14 19:55:44 INFO [app]: 🔄 Log 系統已啟動（設定檔：D:\網頁\預計請購\config.ini，輪轉週期：7 天，保留 52 份）
2026-09-14 19:55:45 INFO [app]: 🔄 Log 系統已啟動（設定檔：D:\網頁\預計請購\config.ini，輪轉週期：7 天，保留 52 份）
2026-09-14 19:55:47 INFO [app]: [KL] [G9743] GET /api/admins
2026-09-14 19:55:47 INFO [app]: [KL] [G9743] POST /api/getUsername
2026-09-14 19:55:49 INFO [app]: [KL] [G9743] POST /api/sendmail
2026-09-14 19:56:58 INFO [app]: [KL] [G9743] POST /api/get-username-info
2026-09-14 19:56:58 INFO [app]: [KL] [G9743] GET /data
2026-09-14 19:56:59 INFO [app]: [KL] [G9743] GET /api/unordered-count
2026-09-14 19:56:59 INFO [app]: [KL] [G9743] GET /api/requesters
2026-09-14 19:56:59 INFO [app]: [KL] [G9743] GET /api/admins
2026-09-14 19:56:59 INFO [app]: [KL] [G9743] GET /api/venders
2026-09-14 19:56:59 INFO [app]: [KL] [G9743] GET /api/get_detail/1093c7a1-696a-44fe-9934-7c1e4a3e79ae
2026-09-14 19:56:59 INFO [app]: [KL] [G9743] GET /api/get-filters-json/G9743
2026-09-14 19:56:59 INFO [app]: [KL] [G9743] GET /api/getrestofmoney
2026-09-14 19:56:59 INFO [app]: [KL] [G9743] GET /api/message-board/unread/G9743
2026-09-14 19:56:59 INFO [app]: [KL] [G9743] GET /api/get-filters-json/G9743
2026-09-14 19:56:59 INFO [app]: [KL] [G9743] POST /api/save-filters-json
2026-09-14 19:57:59 INFO [app]: [KL] [G9743] GET /api/message-board/unread/G9743
2026-09-14 19:58:05 INFO [app]: [KL] [G9743] POST /api/uploadMoney
2026-09-14 19:58:07 INFO [app]: [KL] [G9743] POST /api/get-username-info
2026-09-14 19:58:07 INFO [app]: [KL] [G9743] GET /data
2026-09-14 19:58:08 INFO [app]: [KL] [G9743] GET /api/unordered-count
2026-09-14 19:58:08 INFO [app]: [KL] [G9743] GET /api/requesters
2026-09-14 19:58:08 INFO [app]: [KL] [G9743] GET /api/admins
2026-09-14 19:58:08 INFO [app]: [KL] [G9743] GET /api/venders
2026-09-14 19:58:08 INFO [app]: [KL] [G9743] GET /api/get-filters-json/G9743
2026-09-14 19:58:08 INFO [app]: [KL] [G9743] GET /api/getrestofmoney
2026-09-14 19:58:08 INFO [app]: [KL] [G9743] GET /api/message-board/unread/G9743
2026-09-14 19:58:08 INFO [app]: [KL] [G9743] GET /api/get-filters-json/G9743
2026-09-14 19:58:08 INFO [app]: [KL] [G9743] POST /api/save-filters-json
2026-09-14 19:59:08 INFO [app]: [KL] [G9743] GET /api/message-board/unread/G9743
2026-09-14 19:59:36 INFO [app]: [KL] [G9743] POST /api/get-username-info
2026-09-14 19:59:36 INFO [app]: [KL] [G9743] GET /data
2026-09-14 19:59:36 INFO [app]: [KL] [G9743] GET /api/unordered-count
2026-09-14 19:59:36 INFO [app]: [KL] [G9743] GET /api/requesters
2026-09-14 19:59:36 INFO [app]: [KL] [G9743] GET /api/admins
2026-09-14 19:59:36 INFO [app]: [KL] [G9743] GET /api/venders
2026-09-14 19:59:36 INFO [app]: [KL] [G9743] GET /api/get-filters-json/G9743
2026-09-14 19:59:36 INFO [app]: [KL] [G9743] GET /api/getrestofmoney
2026-09-14 19:59:36 INFO [app]: [KL] [G9743] GET /api/message-board/unread/G9743
2026-09-14 19:59:37 INFO [app]: [KL] [G9743] GET /api/get-filters-json/G9743
2026-09-14 19:59:37 INFO [app]: [KL] [G9743] POST /api/save-filters-json
2026-09-14 19:59:49 INFO [app]: [KL] [G9743] POST /api/get-username-info
2026-09-14 19:59:49 INFO [app]: [KL] [G9743] GET /data
2026-09-14 19:59:49 INFO [app]: [KL] [G9743] GET /api/unordered-count
2026-09-14 19:59:49 INFO [app]: [KL] [G9743] GET /api/requesters
2026-09-14 19:59:49 INFO [app]: [KL] [G9743] GET /api/admins
2026-09-14 19:59:49 INFO [app]: [KL] [G9743] GET /api/venders
2026-09-14 19:59:49 INFO [app]: [KL] [G9743] GET /api/get-filters-json/G9743
2026-09-14 19:59:49 INFO [app]: [KL] [G9743] GET /api/getrestofmoney
2026-09-14 19:59:49 INFO [app]: [KL] [G9743] GET /api/message-board/unread/G9743
2026-09-14 19:59:50 INFO [app]: [KL] [G9743] GET /api/get-filters-json/G9743
2026-09-14 19:59:50 INFO [app]: [KL] [G9743] POST /api/save-filters-json
2026-09-14 20:00:06 INFO [app]: [KL] [G9743] POST /api/get-username-info
2026-09-14 20:00:06 INFO [app]: [KL] [G9743] GET /data
2026-09-14 20:00:06 INFO [app]: [KL] [G9743] GET /api/unordered-count
2026-09-14 20:00:06 INFO [app]: [KL] [G9743] GET /api/requesters
2026-09-14 20:00:06 INFO [app]: [KL] [G9743] GET /api/admins
2026-09-14 20:00:06 INFO [app]: [KL] [G9743] GET /api/venders
2026-09-14 20:00:07 INFO [app]: [KL] [G9743] GET /api/get-filters-json/G9743
2026-09-14 20:00:07 INFO [app]: [KL] [G9743] GET /api/getrestofmoney
2026-09-14 20:00:07 INFO [app]: [KL] [G9743] GET /api/message-board/unread/G9743
2026-09-14 20:00:07 INFO [app]: [KL] [G9743] GET /api/get-filters-json/G9743
2026-09-14 20:00:07 INFO [app]: [KL] [G9743] POST /api/save-filters-json
2026-09-14 20:00:47 INFO [app]: 🔄 Log 系統已啟動（設定檔：D:\網頁\預計請購\config.ini，輪轉週期：7 天，保留 52 份）
2026-09-14 20:00:47 INFO [app]: 🔄 Log 系統已啟動（設定檔：D:\網頁\預計請購\config.ini，輪轉週期：7 天，保留 52 份）
2026-09-14 20:00:50 INFO [app]: [KL] [G9743] POST /api/get-username-info
2026-09-14 20:00:50 INFO [app]: [KL] [G9743] GET /data
2026-09-14 20:00:50 INFO [app]: [KL] [G9743] GET /api/unordered-count
2026-09-14 20:00:50 INFO [app]: [KL] [G9743] GET /api/requesters
2026-09-14 20:00:50 INFO [app]: [KL] [G9743] GET /api/admins
2026-09-14 20:00:50 INFO [app]: [KL] [G9743] GET /api/venders
2026-09-14 20:00:50 INFO [app]: [KL] [G9743] GET /api/get-filters-json/G9743
2026-09-14 20:00:50 INFO [app]: [KL] [G9743] GET /api/getrestofmoney
2026-09-14 20:00:50 INFO [app]: [KL] [G9743] GET /api/message-board/unread/G9743
2026-09-14 20:00:51 INFO [app]: [KL] [G9743] GET /api/get-filters-json/G9743
2026-09-14 20:00:51 INFO [app]: [KL] [G9743] POST /api/save-filters-json
2026-09-14 20:01:51 INFO [app]: [KL] [G9743] GET /api/message-board/unread/G9743
2026-09-14 20:02:51 INFO [app]: [KL] [G9743] GET /api/message-board/unread/G9743
2026-09-14 20:03:51 INFO [app]: [KL] [G9743] GET /api/message-board/unread/G9743
2026-09-14 20:04:51 INFO [app]: [KL] [G9743] GET /api/message-board/unread/G9743
2026-09-14 20:05:51 INFO [app]: [KL] [G9743] GET /api/message-board/unread/G9743
2026-09-14 20:06:28 INFO [app]: [KL] [G9743] POST /api/get-username-info
2026-09-14 20:06:28 INFO [app]: [KL] [G9743] GET /data
2026-09-14 20:06:28 INFO [app]: [KL] [G9743] GET /api/unordered-count
2026-09-14 20:06:28 INFO [app]: [KL] [G9743] GET /api/requesters
2026-09-14 20:06:28 INFO [app]: [KL] [G9743] GET /api/admins
2026-09-14 20:06:28 INFO [app]: [KL] [G9743] GET /api/venders
2026-09-14 20:06:28 INFO [app]: [KL] [G9743] GET /api/get-filters-json/G9743
2026-09-14 20:06:28 INFO [app]: [KL] [G9743] GET /api/getrestofmoney
2026-09-14 20:06:29 INFO [app]: [KL] [G9743] GET /api/message-board/unread/G9743
2026-09-14 20:06:29 INFO [app]: [KL] [G9743] GET /api/get-filters-json/G9743
2026-09-14 20:06:29 INFO [app]: [KL] [G9743] POST /api/save-filters-json
2026-09-14 20:06:32 INFO [app]: [KL] [G9743] GET /api/get_detail/1093c7a1-696a-44fe-9934-7c1e4a3e79ae
2026-09-14 20:07:29 INFO [app]: [KL] [G9743] GET /api/message-board/unread/G9743
2026-09-14 20:08:29 INFO [app]: [KL] [G9743] GET /api/message-board/unread/G9743
2026-09-14 20:09:29 INFO [app]: [KL] [G9743] GET /api/message-board/unread/G9743
2026-09-14 20:10:29 INFO [app]: [KL] [G9743] GET /api/message-board/unread/G9743
2026-09-14 20:11:25 INFO [app]: [KL] [G9743] POST /api/get-username-info
2026-09-14 20:11:25 INFO [app]: [KL] [G9743] GET /data
2026-09-14 20:11:26 INFO [app]: [KL] [G9743] GET /api/unordered-count
2026-09-14 20:11:26 INFO [app]: [KL] [G9743] GET /api/requesters
2026-09-14 20:11:26 INFO [app]: [KL] [G9743] GET /api/admins
2026-09-14 20:11:26 INFO [app]: [KL] [G9743] GET /api/venders
2026-09-14 20:11:26 INFO [app]: [KL] [G9743] GET /api/get-filters-json/G9743
2026-09-14 20:11:26 INFO [app]: [KL] [G9743] GET /api/getrestofmoney
2026-09-14 20:11:26 INFO [app]: [KL] [G9743] GET /api/message-board/unread/G9743
2026-09-14 20:11:26 INFO [app]: [KL] [G9743] GET /api/get-filters-json/G9743
2026-09-14 20:11:26 INFO [app]: [KL] [G9743] POST /api/save-filters-json
2026-09-14 20:11:30 INFO [app]: [KL] [G9743] GET /api/get-filters-json/G9743
2026-09-14 20:11:30 INFO [app]: [KL] [G9743] POST /api/save-filters-json
2026-09-14 20:11:32 INFO [app]: [KL] [G9743] GET /api/get-filters-json/G9743
2026-09-14 20:11:33 INFO [app]: [KL] [G9743] POST /api/save-filters-json
2026-09-14 20:11:33 INFO [app]: [KL] [G9743] POST /api/get-username-info
2026-09-14 20:11:34 INFO [app]: [KL] [G9743] GET /data
2026-09-14 20:11:34 INFO [app]: [KL] [G9743] GET /api/unordered-count
2026-09-14 20:11:34 INFO [app]: [KL] [G9743] GET /api/requesters
2026-09-14 20:11:34 INFO [app]: [KL] [G9743] GET /api/admins
2026-09-14 20:11:34 INFO [app]: [KL] [G9743] GET /api/venders
2026-09-14 20:11:34 INFO [app]: [KL] [G9743] GET /api/get-filters-json/G9743
2026-09-14 20:11:34 INFO [app]: [KL] [G9743] GET /api/getrestofmoney
2026-09-14 20:11:34 INFO [app]: [KL] [G9743] GET /api/message-board/unread/G9743
2026-09-14 20:11:34 INFO [app]: [KL] [G9743] GET /api/get-filters-json/G9743
2026-09-14 20:11:34 INFO [app]: [KL] [G9743] POST /api/save-filters-json
2026-09-14 20:11:36 INFO [app]: [KL] [G9743] GET /api/get-filters-json/G9743
2026-09-14 20:11:36 INFO [app]: [KL] [G9743] POST /api/save-filters-json
2026-09-14 20:11:41 INFO [app]: [KL] [G9743] GET /api/get-filters-json/G9743
2026-09-14 20:11:41 INFO [app]: [KL] [G9743] GET /api/admins
2026-09-14 20:11:41 INFO [app]: [KL] [G9743] GET /api/buyer_detail
2026-09-14 20:11:41 INFO [app]: [KL] [G9743] GET /api/get_unaccounted_amount
2026-09-14 20:11:41 INFO [app]: [KL] [G9743] GET /api/accounting_summary
2026-09-14 20:11:41 INFO [app]: [KL] [G9743] GET /api/monthly_actual_accounting
2026-09-14 20:11:41 INFO [app]: [KL] [G9743] GET /api/getrestofmoney
2026-09-14 20:11:42 INFO [app]: [KL] [G9743] GET /api/next_month_amount
2026-09-14 20:11:42 INFO [app]: ✅ 計算金額欄位已建立
2026-09-14 20:11:42 INFO [app]: 📅 下個月日期範圍: 2026-10-01 ~ 2026-10-31
2026-09-14 20:11:42 INFO [app]: 🔢 整數格式: 20261001 ~ 20261031
2026-09-14 20:11:42 INFO [app]: ✅ 符合條件的資料共 0 筆
2026-09-14 20:11:42 INFO [app]: 💰 下個月預計入帳總金額: 0 元
2026-09-14 20:11:42 INFO [app]: ✅ API 執行成功
2026-09-14 20:11:59 INFO [app]: [KL] [G9743] GET /api/buyer_detail
2026-09-14 20:11:59 INFO [app]: [KL] [G9743] GET /api/get_unaccounted_amount
2026-09-14 20:11:59 INFO [app]: [KL] [G9743] GET /api/accounting_summary
2026-09-14 20:11:59 INFO [app]: [KL] [G9743] GET /api/monthly_actual_accounting
2026-09-14 20:11:59 INFO [app]: [KL] [G9743] GET /api/getrestofmoney
2026-09-14 20:11:59 INFO [app]: [KL] [G9743] GET /api/next_month_amount
2026-09-14 20:11:59 INFO [app]: ✅ 計算金額欄位已建立
2026-09-14 20:11:59 INFO [app]: 📅 下個月日期範圍: 2026-10-01 ~ 2026-10-31
2026-09-14 20:11:59 INFO [app]: 🔢 整數格式: 20261001 ~ 20261031
2026-09-14 20:11:59 INFO [app]: ✅ 符合條件的資料共 0 筆
2026-09-14 20:11:59 INFO [app]: 💰 下個月預計入帳總金額: 0 元
2026-09-14 20:11:59 INFO [app]: ✅ API 執行成功
2026-09-14 20:12:32 INFO [app]: [KL] [G9743] POST /api/save_csv
2026-09-14 20:12:32 INFO [app]: ✅ 已儲存 uploads\6100882854.csv (1 筆資料)
2026-09-14 20:12:32 INFO [app]: ✅ 已儲存 uploads\6100882973.csv (1 筆資料)
2026-09-14 20:12:32 INFO [app]: ✅ 已儲存 uploads\6100891106.csv (2 筆資料)
2026-09-14 20:12:32 INFO [app]: 總資料筆數: 2, 有效資料(狀態=V): 2
2026-09-14 20:12:32 INFO [app]: 
================================================================================
2026-09-14 20:12:32 INFO [app]: 第一輪掃描：檢測分批和合併問題
2026-09-14 20:12:32 INFO [app]: ================================================================================
2026-09-14 20:12:32 INFO [app]: 
📊 第一輪掃描結果:
2026-09-14 20:12:32 INFO [app]:    分批問題 PO: 0 個 - []
2026-09-14 20:12:32 INFO [app]:    合併問題 PO: 0 個 - []
2026-09-14 20:12:32 INFO [app]: ================================================================================

2026-09-14 20:12:32 INFO [app]: 
================================================================================
2026-09-14 20:12:32 INFO [app]: 第二輪處理：正常比對（排除有問題的 PO）
2026-09-14 20:12:32 INFO [app]: ================================================================================
2026-09-14 20:12:32 INFO [app]: 處理 PO 6100882854 的 Item 0010
2026-09-14 20:12:32 INFO [app]:   ❌ Buyer 中找不到 Item 0010
2026-09-14 20:12:32 INFO [app]: 📊 PO 6100882854 統計: 相同=0, 衝突=1
2026-09-14 20:12:32 INFO [app]: 處理 PO 6100882973 的 Item 0010
2026-09-14 20:12:32 INFO [app]:   ❌ Buyer 中找不到 Item 0010
2026-09-14 20:12:32 INFO [app]: 📊 PO 6100882973 統計: 相同=0, 衝突=1
2026-09-14 20:12:32 INFO [app]: 處理 PO 6100891106 的 Item 0010
2026-09-14 20:12:32 INFO [app]:   找到 Buyer Item 0010, 品名: Keyence GL-S24FH 安全光柵
2026-09-14 20:12:32 INFO [app]:   ✅ 完全相同
2026-09-14 20:12:32 INFO [app]: 處理 PO 6100891106 的 Item 0020
2026-09-14 20:12:32 INFO [app]:   找到 Buyer Item 0020, 品名: Keyence GL-SP5P 安全光柵用通訊纜線
2026-09-14 20:12:32 INFO [app]:   ✅ 完全相同
2026-09-14 20:12:32 INFO [app]: 📊 PO 6100891106 統計: 相同=2, 衝突=0
2026-09-14 20:12:32 INFO [app]: ================================================================================

2026-09-14 20:12:32 INFO [app]: 
✅ 總共處理 3 個 PO
2026-09-14 20:12:42 INFO [app]: [KL] [G9743] POST /api/save_override_all
2026-09-14 20:12:42 INFO [app]: 總資料筆數: 2, 有效資料(狀態=V): 2
2026-09-14 20:12:42 INFO [app]: 
================================================================================
2026-09-14 20:12:42 INFO [app]: 開始處理資料比對 (Version 31 - 品名優先)
2026-09-14 20:12:42 INFO [app]: ================================================================================
2026-09-14 20:12:42 INFO [app]: 
[第 1 筆]
2026-09-14 20:12:42 INFO [app]:   新資料 => PO: 6100891106, Item: 0010
2026-09-14 20:12:42 INFO [app]:   品名: Keyence GL-S24FH 安全光柵
2026-09-14 20:12:42 INFO [app]:      在 PO 6100891106 找到 2 筆資料
2026-09-14 20:12:42 INFO [app]:      品名相似度排名：
2026-09-14 20:12:42 INFO [app]:        1. Item 0010: 100.0% [Item相同] - Keyence GL-S24FH 安全光柵...
2026-09-14 20:12:42 INFO [app]:        2. Item 0020: 73.9% - Keyence GL-SP5P 安全光柵用通訊纜線...
2026-09-14 20:12:42 INFO [app]:   ✅ 品名完全相同且 Item 相同（相似度 100.0%） => 直接更新
2026-09-14 20:12:42 INFO [app]:      交期變更:  → 2026/07/31
2026-09-14 20:12:42 INFO [app]: 
[第 2 筆]
2026-09-14 20:12:42 INFO [app]:   新資料 => PO: 6100891106, Item: 0020
2026-09-14 20:12:42 INFO [app]:   品名: Keyence GL-SP5P 安全光柵用通訊纜線
2026-09-14 20:12:42 INFO [app]:      在 PO 6100891106 找到 2 筆資料
2026-09-14 20:12:42 INFO [app]:      品名相似度排名：
2026-09-14 20:12:42 INFO [app]:        1. Item 0020: 100.0% [Item相同] - Keyence GL-SP5P 安全光柵用通訊纜線...
2026-09-14 20:12:42 INFO [app]:        2. Item 0010: 73.9% - Keyence GL-S24FH 安全光柵...
2026-09-14 20:12:42 INFO [app]:   ✅ 品名完全相同且 Item 相同（相似度 100.0%） => 直接更新
2026-09-14 20:12:42 INFO [app]:      交期變更:  → 2026/07/31
2026-09-14 20:12:42 INFO [app]: 
================================================================================
2026-09-14 20:12:42 INFO [app]: 比對結果摘要 (Version 31 - 品名優先)
2026-09-14 20:12:42 INFO [app]: ================================================================================
2026-09-14 20:12:42 INFO [app]: 總處理筆數: 2
2026-09-14 20:12:42 INFO [app]: 更新筆數: 2
2026-09-14 20:12:42 INFO [app]: 新增筆數: 0
2026-09-14 20:12:42 INFO [app]: 失敗筆數: 0
2026-09-14 20:12:42 INFO [app]: 待確認筆數: 0
2026-09-14 20:12:42 INFO [app]: 自動更新筆數: 2
2026-09-14 20:12:42 INFO [app]: 
詳細比對結果:
2026-09-14 20:12:42 INFO [app]: --------------------------------------------------------------------------------
2026-09-14 20:12:42 INFO [app]: 筆數    PO No.          Item       比對方式                 處理       備註
2026-09-14 20:12:42 INFO [app]: --------------------------------------------------------------------------------
2026-09-14 20:12:42 INFO [app]: 1     6100891106      0010       品名完全相同+Item相同        已更新      
2026-09-14 20:12:42 INFO [app]: 2     6100891106      0020       品名完全相同+Item相同        已更新      
2026-09-14 20:12:42 INFO [app]: ================================================================================

2026-09-14 20:12:56 INFO [app]: [KL] [G9743] POST /api/save_override_all
2026-09-14 20:12:56 INFO [app]: 總資料筆數: 2, 有效資料(狀態=V): 2
2026-09-14 20:12:56 INFO [app]: 
================================================================================
2026-09-14 20:12:56 INFO [app]: 開始處理資料比對 (Version 31 - 品名優先)
2026-09-14 20:12:56 INFO [app]: ================================================================================
2026-09-14 20:12:56 INFO [app]: 
[第 1 筆]
2026-09-14 20:12:56 INFO [app]:   新資料 => PO: 6100882854, Item: 0010
2026-09-14 20:12:56 INFO [app]:   品名: CIM S-KMT66568 CURRENT COLLECTOR CPL
2026-09-14 20:12:56 INFO [app]:   ❌ 360表單無此項目：PO 6100882854
2026-09-14 20:12:56 INFO [app]: 
================================================================================
2026-09-14 20:12:56 INFO [app]: 比對結果摘要 (Version 31 - 品名優先)
2026-09-14 20:12:56 INFO [app]: ================================================================================
2026-09-14 20:12:56 INFO [app]: 總處理筆數: 1
2026-09-14 20:12:56 INFO [app]: 更新筆數: 0
2026-09-14 20:12:56 INFO [app]: 新增筆數: 0
2026-09-14 20:12:56 INFO [app]: 失敗筆數: 1
2026-09-14 20:12:56 INFO [app]: 待確認筆數: 0
2026-09-14 20:12:56 INFO [app]: 自動更新筆數: 0
2026-09-14 20:12:56 INFO [app]: 
詳細比對結果:
2026-09-14 20:12:56 INFO [app]: --------------------------------------------------------------------------------
2026-09-14 20:12:56 INFO [app]: 筆數    PO No.          Item       比對方式                 處理       備註
2026-09-14 20:12:56 INFO [app]: --------------------------------------------------------------------------------
2026-09-14 20:12:56 INFO [app]: 1     6100882854      0010       無PO                  失敗       360表單無此項目
2026-09-14 20:12:56 INFO [app]: ================================================================================

2026-09-14 20:12:57 INFO [app]: [KL] [G9743] POST /api/save_override_all
2026-09-14 20:12:57 INFO [app]: 總資料筆數: 2, 有效資料(狀態=V): 2
2026-09-14 20:12:57 INFO [app]: 
================================================================================
2026-09-14 20:12:57 INFO [app]: 開始處理資料比對 (Version 31 - 品名優先)
2026-09-14 20:12:57 INFO [app]: ================================================================================
2026-09-14 20:12:57 INFO [app]: 
[第 1 筆]
2026-09-14 20:12:57 INFO [app]:   新資料 => PO: 6100882973, Item: 0010
2026-09-14 20:12:57 INFO [app]:   品名: CIM S-KMT60554 DC FLAT MOTOR EC-45 30W
2026-09-14 20:12:57 INFO [app]:   ❌ 360表單無此項目：PO 6100882973
2026-09-14 20:12:57 INFO [app]: 
================================================================================
2026-09-14 20:12:57 INFO [app]: 比對結果摘要 (Version 31 - 品名優先)
2026-09-14 20:12:57 INFO [app]: ================================================================================
2026-09-14 20:12:57 INFO [app]: 總處理筆數: 1
2026-09-14 20:12:57 INFO [app]: 更新筆數: 0
2026-09-14 20:12:57 INFO [app]: 新增筆數: 0
2026-09-14 20:12:57 INFO [app]: 失敗筆數: 1
2026-09-14 20:12:57 INFO [app]: 待確認筆數: 0
2026-09-14 20:12:57 INFO [app]: 自動更新筆數: 0
2026-09-14 20:12:57 INFO [app]: 
詳細比對結果:
2026-09-14 20:12:57 INFO [app]: --------------------------------------------------------------------------------
2026-09-14 20:12:57 INFO [app]: 筆數    PO No.          Item       比對方式                 處理       備註
2026-09-14 20:12:57 INFO [app]: --------------------------------------------------------------------------------
2026-09-14 20:12:57 INFO [app]: 1     6100882973      0010       無PO                  失敗       360表單無此項目
2026-09-14 20:12:57 INFO [app]: ================================================================================

2026-09-14 20:13:03 INFO [app]: [KL] [G9743] POST /api/save_csv
2026-09-14 20:13:03 INFO [app]: ✅ 已儲存 uploads\6100882854.csv (1 筆資料)
2026-09-14 20:13:03 INFO [app]: ✅ 已儲存 uploads\6100882973.csv (1 筆資料)
2026-09-14 20:13:03 INFO [app]: ✅ 已儲存 uploads\6100891106.csv (2 筆資料)
2026-09-14 20:13:03 INFO [app]: 總資料筆數: 2, 有效資料(狀態=V): 2
2026-09-14 20:13:03 INFO [app]: 
================================================================================
2026-09-14 20:13:03 INFO [app]: 第一輪掃描：檢測分批和合併問題
2026-09-14 20:13:03 INFO [app]: ================================================================================
2026-09-14 20:13:03 INFO [app]: 
📊 第一輪掃描結果:
2026-09-14 20:13:03 INFO [app]:    分批問題 PO: 0 個 - []
2026-09-14 20:13:03 INFO [app]:    合併問題 PO: 0 個 - []
2026-09-14 20:13:03 INFO [app]: ================================================================================

2026-09-14 20:13:03 INFO [app]: 
================================================================================
2026-09-14 20:13:03 INFO [app]: 第二輪處理：正常比對（排除有問題的 PO）
2026-09-14 20:13:03 INFO [app]: ================================================================================
2026-09-14 20:13:03 INFO [app]: 處理 PO 6100882854 的 Item 0010
2026-09-14 20:13:03 INFO [app]:   ❌ Buyer 中找不到 Item 0010
2026-09-14 20:13:03 INFO [app]: 📊 PO 6100882854 統計: 相同=0, 衝突=1
2026-09-14 20:13:03 INFO [app]: 處理 PO 6100882973 的 Item 0010
2026-09-14 20:13:03 INFO [app]:   ❌ Buyer 中找不到 Item 0010
2026-09-14 20:13:03 INFO [app]: 📊 PO 6100882973 統計: 相同=0, 衝突=1
2026-09-14 20:13:03 INFO [app]: 處理 PO 6100891106 的 Item 0010
2026-09-14 20:13:03 INFO [app]:   找到 Buyer Item 0010, 品名: Keyence GL-S24FH 安全光柵
2026-09-14 20:13:03 INFO [app]:   ✅ 完全相同
2026-09-14 20:13:03 INFO [app]: 處理 PO 6100891106 的 Item 0020
2026-09-14 20:13:03 INFO [app]:   找到 Buyer Item 0020, 品名: Keyence GL-SP5P 安全光柵用通訊纜線
2026-09-14 20:13:03 INFO [app]:   ✅ 完全相同
2026-09-14 20:13:03 INFO [app]: 📊 PO 6100891106 統計: 相同=2, 衝突=0
2026-09-14 20:13:03 INFO [app]: ================================================================================

2026-09-14 20:13:03 INFO [app]: 
✅ 總共處理 3 個 PO
2026-09-14 20:13:06 INFO [app]: [KL] [G9743] POST /api/save_override_all
2026-09-14 20:13:06 INFO [app]: 總資料筆數: 2, 有效資料(狀態=V): 2
2026-09-14 20:13:06 INFO [app]: 
================================================================================
2026-09-14 20:13:06 INFO [app]: 開始處理資料比對 (Version 31 - 品名優先)
2026-09-14 20:13:06 INFO [app]: ================================================================================
2026-09-14 20:13:06 INFO [app]: 
[第 1 筆]
2026-09-14 20:13:06 INFO [app]:   新資料 => PO: 6100882854, Item: 0010
2026-09-14 20:13:06 INFO [app]:   品名: CIM S-KMT66568 CURRENT COLLECTOR CPL
2026-09-14 20:13:06 INFO [app]:   ❌ 360表單無此項目：PO 6100882854
2026-09-14 20:13:06 INFO [app]: 
================================================================================
2026-09-14 20:13:06 INFO [app]: 比對結果摘要 (Version 31 - 品名優先)
2026-09-14 20:13:06 INFO [app]: ================================================================================
2026-09-14 20:13:06 INFO [app]: 總處理筆數: 1
2026-09-14 20:13:06 INFO [app]: 更新筆數: 0
2026-09-14 20:13:06 INFO [app]: 新增筆數: 0
2026-09-14 20:13:06 INFO [app]: 失敗筆數: 1
2026-09-14 20:13:06 INFO [app]: 待確認筆數: 0
2026-09-14 20:13:06 INFO [app]: 自動更新筆數: 0
2026-09-14 20:13:06 INFO [app]: 
詳細比對結果:
2026-09-14 20:13:06 INFO [app]: --------------------------------------------------------------------------------
2026-09-14 20:13:06 INFO [app]: 筆數    PO No.          Item       比對方式                 處理       備註
2026-09-14 20:13:06 INFO [app]: --------------------------------------------------------------------------------
2026-09-14 20:13:06 INFO [app]: 1     6100882854      0010       無PO                  失敗       360表單無此項目
2026-09-14 20:13:06 INFO [app]: ================================================================================

2026-09-14 20:13:08 INFO [app]: [KL] [G9743] POST /api/save_override_all
2026-09-14 20:13:08 INFO [app]: 總資料筆數: 2, 有效資料(狀態=V): 2
2026-09-14 20:13:08 INFO [app]: 
================================================================================
2026-09-14 20:13:08 INFO [app]: 開始處理資料比對 (Version 31 - 品名優先)
2026-09-14 20:13:08 INFO [app]: ================================================================================
2026-09-14 20:13:08 INFO [app]: 
[第 1 筆]
2026-09-14 20:13:08 INFO [app]:   新資料 => PO: 6100882973, Item: 0010
2026-09-14 20:13:08 INFO [app]:   品名: CIM S-KMT60554 DC FLAT MOTOR EC-45 30W
2026-09-14 20:13:08 INFO [app]:   ❌ 360表單無此項目：PO 6100882973
2026-09-14 20:13:08 INFO [app]: 
================================================================================
2026-09-14 20:13:08 INFO [app]: 比對結果摘要 (Version 31 - 品名優先)
2026-09-14 20:13:08 INFO [app]: ================================================================================
2026-09-14 20:13:08 INFO [app]: 總處理筆數: 1
2026-09-14 20:13:08 INFO [app]: 更新筆數: 0
2026-09-14 20:13:08 INFO [app]: 新增筆數: 0
2026-09-14 20:13:08 INFO [app]: 失敗筆數: 1
2026-09-14 20:13:08 INFO [app]: 待確認筆數: 0
2026-09-14 20:13:08 INFO [app]: 自動更新筆數: 0
2026-09-14 20:13:08 INFO [app]: 
詳細比對結果:
2026-09-14 20:13:08 INFO [app]: --------------------------------------------------------------------------------
2026-09-14 20:13:08 INFO [app]: 筆數    PO No.          Item       比對方式                 處理       備註
2026-09-14 20:13:08 INFO [app]: --------------------------------------------------------------------------------
2026-09-14 20:13:08 INFO [app]: 1     6100882973      0010       無PO                  失敗       360表單無此項目
2026-09-14 20:13:08 INFO [app]: ================================================================================

2026-09-14 20:13:09 INFO [app]: [KL] [G9743] POST /api/save_override_all
2026-09-14 20:13:09 INFO [app]: 總資料筆數: 2, 有效資料(狀態=V): 2
2026-09-14 20:13:09 INFO [app]: 
================================================================================
2026-09-14 20:13:09 INFO [app]: 開始處理資料比對 (Version 31 - 品名優先)
2026-09-14 20:13:09 INFO [app]: ================================================================================
2026-09-14 20:13:09 INFO [app]: 
[第 1 筆]
2026-09-14 20:13:09 INFO [app]:   新資料 => PO: 6100891106, Item: 0010
2026-09-14 20:13:09 INFO [app]:   品名: Keyence GL-S24FH 安全光柵
2026-09-14 20:13:09 INFO [app]:      在 PO 6100891106 找到 2 筆資料
2026-09-14 20:13:09 INFO [app]:      品名相似度排名：
2026-09-14 20:13:09 INFO [app]:        1. Item 0010: 100.0% [Item相同] - Keyence GL-S24FH 安全光柵...
2026-09-14 20:13:09 INFO [app]:        2. Item 0020: 73.9% - Keyence GL-SP5P 安全光柵用通訊纜線...
2026-09-14 20:13:09 INFO [app]:   ✅ 品名完全相同且 Item 相同（相似度 100.0%） => 直接更新
2026-09-14 20:13:09 INFO [app]:      交期變更: 2026/07/30 → 2026/07/31
2026-09-14 20:13:09 INFO [app]: 
[第 2 筆]
2026-09-14 20:13:09 INFO [app]:   新資料 => PO: 6100891106, Item: 0020
2026-09-14 20:13:09 INFO [app]:   品名: Keyence GL-SP5P 安全光柵用通訊纜線
2026-09-14 20:13:09 INFO [app]:      在 PO 6100891106 找到 2 筆資料
2026-09-14 20:13:09 INFO [app]:      品名相似度排名：
2026-09-14 20:13:09 INFO [app]:        1. Item 0020: 100.0% [Item相同] - Keyence GL-SP5P 安全光柵用通訊纜線...
2026-09-14 20:13:09 INFO [app]:        2. Item 0010: 73.9% - Keyence GL-S24FH 安全光柵...
2026-09-14 20:13:09 INFO [app]:   ✅ 品名完全相同且 Item 相同（相似度 100.0%） => 直接更新
2026-09-14 20:13:09 INFO [app]:      交期變更: 2026/07/30 → 2026/07/31
2026-09-14 20:13:09 INFO [app]: 
================================================================================
2026-09-14 20:13:09 INFO [app]: 比對結果摘要 (Version 31 - 品名優先)
2026-09-14 20:13:09 INFO [app]: ================================================================================
2026-09-14 20:13:09 INFO [app]: 總處理筆數: 2
2026-09-14 20:13:09 INFO [app]: 更新筆數: 2
2026-09-14 20:13:09 INFO [app]: 新增筆數: 0
2026-09-14 20:13:09 INFO [app]: 失敗筆數: 0
2026-09-14 20:13:09 INFO [app]: 待確認筆數: 0
2026-09-14 20:13:09 INFO [app]: 自動更新筆數: 2
2026-09-14 20:13:09 INFO [app]: 
詳細比對結果:
2026-09-14 20:13:09 INFO [app]: --------------------------------------------------------------------------------
2026-09-14 20:13:09 INFO [app]: 筆數    PO No.          Item       比對方式                 處理       備註
2026-09-14 20:13:09 INFO [app]: --------------------------------------------------------------------------------
2026-09-14 20:13:09 INFO [app]: 1     6100891106      0010       品名完全相同+Item相同        已更新      
2026-09-14 20:13:09 INFO [app]: 2     6100891106      0020       品名完全相同+Item相同        已更新      
2026-09-14 20:13:09 INFO [app]: ================================================================================

2026-09-14 20:13:15 INFO [app]: [KL] [G9743] GET /api/get-filters-json/G9743
2026-09-14 20:13:15 INFO [app]: [KL] [G9743] GET /api/admins
2026-09-14 20:13:15 INFO [app]: [KL] [G9743] GET /api/buyer_detail
2026-09-14 20:13:15 INFO [app]: [KL] [G9743] GET /api/get_unaccounted_amount
2026-09-14 20:13:15 INFO [app]: [KL] [G9743] GET /api/accounting_summary
2026-09-14 20:13:15 INFO [app]: [KL] [G9743] GET /api/monthly_actual_accounting
2026-09-14 20:13:15 INFO [app]: [KL] [G9743] GET /api/getrestofmoney
2026-09-14 20:13:16 INFO [app]: [KL] [G9743] GET /api/next_month_amount
2026-09-14 20:13:16 INFO [app]: ✅ 計算金額欄位已建立
2026-09-14 20:13:16 INFO [app]: 📅 下個月日期範圍: 2026-10-01 ~ 2026-10-31
2026-09-14 20:13:16 INFO [app]: 🔢 整數格式: 20261001 ~ 20261031
2026-09-14 20:13:16 INFO [app]: ✅ 符合條件的資料共 0 筆
2026-09-14 20:13:16 INFO [app]: 💰 下個月預計入帳總金額: 0 元
2026-09-14 20:13:16 INFO [app]: ✅ API 執行成功
2026-09-14 20:13:26 INFO [app]: [KL] [G9743] POST /api/update_delivery_receipt
2026-09-14 20:13:26 INFO [app]: 📁 收到檔案：物料收貨單查詢報表_20260727_(Security B).xls（副檔名：.xls）
2026-09-14 20:13:26 INFO [app]: 💾 已儲存為 D:\Data\ePR_Data\delivery_receipt.csv，開始進行對 Buyer detail 該表數據更新
2026-09-14 20:13:26 INFO [app]: {'6100891106'} 更改 -> item: Keyence GL-S24FH 安全光柵, 驗收數量: 2, 拒收數量: nan, 發票月份: 2026/7/20
2026-09-14 20:13:26 INFO [app]: {'6100891106'} 更改 -> item: Keyence GL-SP5P 安全光柵用通訊纜線, 驗收數量: 2, 拒收數量: nan, 發票月份: 2026/7/20
2026-09-14 20:13:26 INFO [app]: 總共更新了 2 筆資料。
2026-09-14 20:13:26 INFO [app]: 檔案已更新。總共更新了 2 筆資料。
2026-09-14 20:13:28 INFO [app]: [KL] [G9743] GET /api/buyer_detail
2026-09-14 20:13:50 INFO [app]: [KL] [G9743] POST /api/upload-mhtml
2026-09-14 20:13:50 INFO [app]: Processing file: 6100891106-Keyence_GL-S24FH_Keyence_GL-SP5P__5a7d9e8e.mhtml
2026-09-14 20:13:50 INFO [app]: GridView data saved to: 6100891106-Keyence_GL-S24FH_Keyence_GL-SP5P__5a7d9e8e_gridview.json
2026-09-14 20:13:50 INFO [app]: 開始與 Buyer_detail.csv 比對...
2026-09-14 20:13:50 WARNING [app]: PO matched but description different: Buyer='10' or 'Keyence GL-S24FH 安全光柵', GridView='Keyence GL-SP5P 安全光柵用通訊纜線'
2026-09-14 20:13:57 INFO [app]: [KL] [G9743] POST /api/update-buyer-csv
2026-09-14 20:13:57 INFO [app]: 準備更新 2 筆資料
2026-09-14 20:13:57 INFO [app]: Buyer CSV 原始欄位: ['Id', '開單狀態', '交貨驗證', 'User', 'ePR No.', 'PO No.', 'Item', '品項', '規格', '數量', '總數', '單價', '總價', '備註', '字數', 'isEditing', 'backup', '_alertedItemLimit', 'Delivery Date 廠商承諾交期', 'SOD Qty 廠商承諾數量', '驗收數量', '拒收數量', '發票月份', 'WBS', '需求日', 'RT金額', 'RT總金額', '驗收狀態']
2026-09-14 20:13:57 INFO [app]: 嘗試更新: PO=6100891106, 品名=Keyence GL-S24FH 安全光柵, RT金額=28000, RT總金額=56000
2026-09-14 20:13:57 INFO [app]: 嘗試更新: PO=6100891106, 品名=Keyence GL-SP5P 安全光柵用通訊纜線, RT金額=2000, RT總金額=4000
2026-09-14 20:14:00 INFO [app]: [KL] [G9743] POST /api/cleanup-processed
2026-09-14 20:14:00 INFO [app]: 已刪除 processed 文件: 6100891106-Keyence_GL-S24FH_Keyence_GL-SP5P__5a7d9e8e.mhtml
2026-09-14 20:14:00 INFO [app]: 已刪除 processed 文件: 6100891106-Keyence_GL-S24FH_Keyence_GL-SP5P__5a7d9e8e_gridview.json
2026-09-14 20:14:00 INFO [app]: 清理完成: 刪除了 2 個文件
2026-09-14 20:14:18 INFO [app]: [KL] [G9743] POST /api/upload-mhtml
2026-09-14 20:14:18 INFO [app]: Processing file: 6100891106-Keyence_GL-S24FH_Keyence_GL-SP5P__a24fdedc.mhtml
2026-09-14 20:14:18 INFO [app]: GridView data saved to: 6100891106-Keyence_GL-S24FH_Keyence_GL-SP5P__a24fdedc_gridview.json
2026-09-14 20:14:18 INFO [app]: 開始與 Buyer_detail.csv 比對...
2026-09-14 20:14:18 WARNING [app]: PO matched but description different: Buyer='10' or 'Keyence GL-S24FH 安全光柵', GridView='Keyence GL-SP5P 安全光柵用通訊纜線'
2026-09-14 20:14:20 INFO [app]: [KL] [G9743] POST /api/update-buyer-csv
2026-09-14 20:14:20 INFO [app]: 準備更新 2 筆資料
2026-09-14 20:14:20 INFO [app]: Buyer CSV 原始欄位: ['Id', '開單狀態', '交貨驗證', 'User', 'ePR No.', 'PO No.', 'Item', '品項', '規格', '數量', '總數', '單價', '總價', '備註', '字數', 'isEditing', 'backup', '_alertedItemLimit', 'Delivery Date 廠商承諾交期', 'SOD Qty 廠商承諾數量', '驗收數量', '拒收數量', '發票月份', 'WBS', '需求日', 'RT金額', 'RT總金額', '驗收狀態']
2026-09-14 20:14:20 INFO [app]: 嘗試更新: PO=6100891106, 品名=Keyence GL-S24FH 安全光柵, RT金額=28000, RT總金額=56000
2026-09-14 20:14:20 INFO [app]: 嘗試更新: PO=6100891106, 品名=Keyence GL-SP5P 安全光柵用通訊纜線, RT金額=2000, RT總金額=4000
2026-09-14 20:14:23 INFO [app]: [KL] [G9743] POST /api/cleanup-processed
2026-09-14 20:14:23 INFO [app]: 已刪除 processed 文件: 6100891106-Keyence_GL-S24FH_Keyence_GL-SP5P__a24fdedc.mhtml
2026-09-14 20:14:23 INFO [app]: 已刪除 processed 文件: 6100891106-Keyence_GL-S24FH_Keyence_GL-SP5P__a24fdedc_gridview.json
2026-09-14 20:14:23 INFO [app]: 清理完成: 刪除了 2 個文件
2026-09-14 20:14:24 INFO [app]: [KL] [G9743] GET /api/get-filters-json/G9743
2026-09-14 20:14:24 INFO [app]: [KL] [G9743] GET /api/admins
2026-09-14 20:14:24 INFO [app]: [KL] [G9743] GET /api/buyer_detail
2026-09-14 20:14:24 INFO [app]: [KL] [G9743] GET /api/get_unaccounted_amount
2026-09-14 20:14:24 INFO [app]: [KL] [G9743] GET /api/accounting_summary
2026-09-14 20:14:24 INFO [app]: [KL] [G9743] GET /api/monthly_actual_accounting
2026-09-14 20:14:24 INFO [app]: [KL] [G9743] GET /api/getrestofmoney
2026-09-14 20:14:25 INFO [app]: [KL] [G9743] GET /api/next_month_amount
2026-09-14 20:14:25 INFO [app]: ✅ 計算金額欄位已建立
2026-09-14 20:14:25 INFO [app]: 📅 下個月日期範圍: 2026-10-01 ~ 2026-10-31
2026-09-14 20:14:25 INFO [app]: 🔢 整數格式: 20261001 ~ 20261031
2026-09-14 20:14:25 INFO [app]: ✅ 符合條件的資料共 0 筆
2026-09-14 20:14:25 INFO [app]: 💰 下個月預計入帳總金額: 0 元
2026-09-14 20:14:25 INFO [app]: ✅ API 執行成功
2026-09-14 20:14:40 INFO [app]: [KL] [G9743] POST /api/parse-mhtml
2026-09-14 20:14:40 INFO [app]: 收到檔案: 物料收貨單-20260727.mhtml, 大小: 266595 字元
2026-09-14 20:14:40 INFO [app]: ==================================================
2026-09-14 20:14:40 INFO [app]: 解析結果:
2026-09-14 20:14:40 INFO [app]: 檔案名稱: 物料收貨單-20260727.mhtml
2026-09-14 20:14:40 INFO [app]: 解析筆數: 10
2026-09-14 20:14:40 INFO [app]: ------------------------------
2026-09-14 20:14:40 INFO [app]: 第 1 筆:
2026-09-14 20:14:40 INFO [app]:   RT No: 6000295435
2026-09-14 20:14:40 INFO [app]:   項次: 0001
2026-09-14 20:14:40 INFO [app]:   PO No: 6100879496
2026-09-14 20:14:40 INFO [app]:   科目指派: K - 費用
2026-09-14 20:14:40 INFO [app]:   品名: CIM S-KMT68840SR CONTROL FRONT_S015/
2026-09-14 20:14:40 INFO [app]:   數量: 5
2026-09-14 20:14:40 INFO [app]:   取件者: AB門
2026-09-14 20:14:40 INFO [app]: ------------------------------
2026-09-14 20:14:40 INFO [app]: 第 2 筆:
2026-09-14 20:14:40 INFO [app]:   RT No: 6000297871
2026-09-14 20:14:40 INFO [app]:   項次: 0001
2026-09-14 20:14:40 INFO [app]:   PO No: 6100880421
2026-09-14 20:14:40 INFO [app]:   科目指派: K - 費用
2026-09-14 20:14:40 INFO [app]:   品名: ASE-AS114000308-1 時規皮帶輪(AL-SUS)
2026-09-14 20:14:40 INFO [app]:   數量: 20
2026-09-14 20:14:40 INFO [app]:   取件者: 郭任?
2026-09-14 20:14:40 INFO [app]: ------------------------------
2026-09-14 20:14:40 INFO [app]: 第 3 筆:
2026-09-14 20:14:40 INFO [app]:   RT No: 6000297871
2026-09-14 20:14:40 INFO [app]:   項次: 0002
2026-09-14 20:14:40 INFO [app]:   PO No: 6100880421
2026-09-14 20:14:40 INFO [app]:   科目指派: K - 費用
2026-09-14 20:14:40 INFO [app]:   品名: ASE-AS114000308-2 時規皮帶輪(AL-SUS)
2026-09-14 20:14:40 INFO [app]:   數量: 20
2026-09-14 20:14:40 INFO [app]:   取件者: 郭任?
2026-09-14 20:14:40 INFO [app]: ------------------------------
2026-09-14 20:14:40 INFO [app]: 第 4 筆:
2026-09-14 20:14:40 INFO [app]:   RT No: 6000297871
2026-09-14 20:14:40 INFO [app]:   項次: 0003
2026-09-14 20:14:40 INFO [app]:   PO No: 6100880421
2026-09-14 20:14:40 INFO [app]:   科目指派: K - 費用
2026-09-14 20:14:40 INFO [app]:   品名: ASE-AS11500054 時規皮帶輪(軸承)
2026-09-14 20:14:40 INFO [app]:   數量: 20
2026-09-14 20:14:40 INFO [app]:   取件者: 郭任?
2026-09-14 20:14:40 INFO [app]: ------------------------------
2026-09-14 20:14:40 INFO [app]: 第 5 筆:
2026-09-14 20:14:40 INFO [app]:   RT No: 6000302036
2026-09-14 20:14:40 INFO [app]:   項次: 0001
2026-09-14 20:14:40 INFO [app]:   PO No: 6100891106
2026-09-14 20:14:40 INFO [app]:   科目指派: K - 費用
2026-09-14 20:14:40 INFO [app]:   品名: Keyence GL-S24FH 安全光柵
2026-09-14 20:14:40 INFO [app]:   數量: 2
2026-09-14 20:14:40 INFO [app]:   取件者: X1
2026-09-14 20:14:40 INFO [app]: ------------------------------
2026-09-14 20:14:40 INFO [app]: 第 6 筆:
2026-09-14 20:14:40 INFO [app]:   RT No: 6000302036
2026-09-14 20:14:40 INFO [app]:   項次: 0002
2026-09-14 20:14:40 INFO [app]:   PO No: 6100891106
2026-09-14 20:14:40 INFO [app]:   科目指派: K - 費用
2026-09-14 20:14:40 INFO [app]:   品名: Keyence GL-SP5P 安全光柵用通訊纜線
2026-09-14 20:14:40 INFO [app]:   數量: 2
2026-09-14 20:14:40 INFO [app]:   取件者: X1
2026-09-14 20:14:40 INFO [app]: ------------------------------
2026-09-14 20:14:40 INFO [app]: 第 7 筆:
2026-09-14 20:14:40 INFO [app]:   RT No: 6000302064
2026-09-14 20:14:40 INFO [app]:   項次: 0001
2026-09-14 20:14:40 INFO [app]:   PO No: 6100881435
2026-09-14 20:14:40 INFO [app]:   科目指派: K - 費用
2026-09-14 20:14:40 INFO [app]:   品名: TBD-06-3450-1541 K11-8F-3450 馬達軸心
2026-09-14 20:14:40 INFO [app]:   數量: 30
2026-09-14 20:14:40 INFO [app]:   取件者: 郭任?
2026-09-14 20:14:40 INFO [app]: ------------------------------
2026-09-14 20:14:40 INFO [app]: 第 8 筆:
2026-09-14 20:14:40 INFO [app]:   RT No: 6000303860
2026-09-14 20:14:40 INFO [app]:   項次: 0001
2026-09-14 20:14:40 INFO [app]:   PO No: 6100882227
2026-09-14 20:14:40 INFO [app]:   科目指派: K - 費用
2026-09-14 20:14:40 INFO [app]:   品名: CIM VX113-1002 Heary-weight wheel
2026-09-14 20:14:40 INFO [app]:   數量: 4
2026-09-14 20:14:40 INFO [app]:   取件者: 周彥良
2026-09-14 20:14:40 INFO [app]: ------------------------------
2026-09-14 20:14:40 INFO [app]: 第 9 筆:
2026-09-14 20:14:40 INFO [app]:   RT No: 6000303860
2026-09-14 20:14:40 INFO [app]:   項次: 0002
2026-09-14 20:14:40 INFO [app]:   PO No: 6100882227
2026-09-14 20:14:40 INFO [app]:   科目指派: K - 費用
2026-09-14 20:14:40 INFO [app]:   品名: CIM VX113-1006 Timing belt 時規皮帶
2026-09-14 20:14:40 INFO [app]:   數量: 4
2026-09-14 20:14:40 INFO [app]:   取件者: 周彥良
2026-09-14 20:14:40 INFO [app]: ------------------------------
2026-09-14 20:14:40 INFO [app]: 第 10 筆:
2026-09-14 20:14:40 INFO [app]:   RT No: 6000303861
2026-09-14 20:14:40 INFO [app]:   項次: 0001
2026-09-14 20:14:40 INFO [app]:   PO No: 6100882178
2026-09-14 20:14:40 INFO [app]:   科目指派: K - 費用
2026-09-14 20:14:40 INFO [app]:   品名: TBD-06-4110-1500 K11-8F 4110五合一烤盤
2026-09-14 20:14:40 INFO [app]:   數量: 9
2026-09-14 20:14:40 INFO [app]:   取件者: 林建良
2026-09-14 20:14:40 INFO [app]: ------------------------------
2026-09-14 20:14:40 INFO [app]: ==================================================
2026-09-14 20:14:47 INFO [app]: [KL] [G9743] GET /api/acc-mail-remarks
2026-09-14 20:14:47 INFO [app]: [KL] [G9743] POST /api/get-user-epr-data
2026-09-14 20:14:47 INFO [app]: 收到查詢請求，PO 號碼: ['6100879496', '6100880421', '6100880421', '6100880421', '6100891106', '6100891106', '6100881435', '6100882227', '6100882227', '6100882178']
2026-09-14 20:14:47 INFO [app]: buyer_detail_df 狀態: 已載入
2026-09-14 20:14:47 INFO [app]: planned_purchase_df 狀態: 已載入
2026-09-14 20:14:47 INFO [app]: Buyer_detail 資料筆數: 2
2026-09-14 20:14:47 INFO [app]: Buyer_detail 欄位: ['Id', '開單狀態', '交貨驗證', 'User', 'ePR No.', 'PO No.', 'Item', '品項', '規格', '數量', '總數', '單價', '總價', '備註', '字數', 'isEditing', 'backup', '_alertedItemLimit', 'Delivery Date 廠商承諾交期', 'SOD Qty 廠商承諾數量', '驗收數量', '拒收數量', '發票月份', 'WBS', '需求日', 'RT金額', 'RT總金額', '驗收狀態']
2026-09-14 20:14:47 INFO [app]: Buyer_detail 前3筆 PO No.: ['6100891106', '6100891106']
2026-09-14 20:14:47 INFO [app]: Planned_purchase 資料筆數: 1
2026-09-14 20:14:47 INFO [app]: Planned_purchase 欄位: ['Id', '開單狀態', 'WBS', '請購順序', '需求者', '請購項目', '需求原因', '總金額', '需求日', '已開單日期', 'ePR No.', '進度追蹤超連結', '備註', 'Status', '簽核中關卡', '報告路徑', '驗收路徑', '合作類別', '合作廠商', '前購單單號', '驗收狀態', 'PO No.', '主任簽核', '叔叔簽核']
2026-09-14 20:14:47 INFO [app]: Planned_purchase 前3筆 PO No.: ['6100891106']
2026-09-14 20:14:47 INFO [app]: 開始處理 PO: 6100879496
2026-09-14 20:14:47 INFO [app]: 查詢需求者，PO No: '6100879496'
2026-09-14 20:14:47 INFO [app]: Planned_Purchase CSV 欄位: ['Id', '開單狀態', 'WBS', '請購順序', '需求者', '請購項目', '需求原因', '總金額', '需求日', '已開單日期', 'ePR No.', '進度追蹤超連結', '備註', 'Status', '簽核中關卡', '報告路徑', '驗收路徑', '合作類別', '合作廠商', '前購單單號', '驗收狀態', 'PO No.', '主任簽核', '叔叔簽核']
2026-09-14 20:14:47 INFO [app]: 查詢結果數量: 0
2026-09-14 20:14:47 INFO [app]: 精確匹配失敗，嘗試部分匹配...
2026-09-14 20:14:47 INFO [app]: 前5筆 PO No. 資料: ['6100891106']
2026-09-14 20:14:47 INFO [app]: 查詢 ePR No.，PO No: '6100879496'
2026-09-14 20:14:47 INFO [app]: 從 Buyer_detail 查詢 (共 2 筆資料)
2026-09-14 20:14:47 INFO [app]: 將 PO No. 轉換為數字: 6100879496
2026-09-14 20:14:47 INFO [app]: 數字匹配查詢到 0 筆結果
2026-09-14 20:14:47 WARNING [app]: 在 Buyer_detail 中未找到 PO 6100879496
2026-09-14 20:14:47 INFO [app]: Buyer_detail 中的有效 PO No. 樣本: ['6100891106', '6100891106']
2026-09-14 20:14:47 INFO [app]: Buyer_detail 查詢失敗，嘗試 Planned_Purchase 作為備用
2026-09-14 20:14:47 INFO [app]: 從 Planned_Purchase 查詢 (共 1 筆資料)
2026-09-14 20:14:47 ERROR [app]: ✗ 最終未找到 PO 6100879496 的 ePR No.
2026-09-14 20:14:47 INFO [app]: PO 6100879496 最終結果: User=查無此資訊, ePR=查無此資訊
2026-09-14 20:14:47 INFO [app]: 開始處理 PO: 6100880421
2026-09-14 20:14:47 INFO [app]: 查詢需求者，PO No: '6100880421'
2026-09-14 20:14:47 INFO [app]: Planned_Purchase CSV 欄位: ['Id', '開單狀態', 'WBS', '請購順序', '需求者', '請購項目', '需求原因', '總金額', '需求日', '已開單日期', 'ePR No.', '進度追蹤超連結', '備註', 'Status', '簽核中關卡', '報告路徑', '驗收路徑', '合作類別', '合作廠商', '前購單單號', '驗收狀態', 'PO No.', '主任簽核', '叔叔簽核']
2026-09-14 20:14:47 INFO [app]: 查詢結果數量: 0
2026-09-14 20:14:47 INFO [app]: 精確匹配失敗，嘗試部分匹配...
2026-09-14 20:14:47 INFO [app]: 前5筆 PO No. 資料: ['6100891106']
2026-09-14 20:14:47 INFO [app]: 查詢 ePR No.，PO No: '6100880421'
2026-09-14 20:14:47 INFO [app]: 從 Buyer_detail 查詢 (共 2 筆資料)
2026-09-14 20:14:47 INFO [app]: 將 PO No. 轉換為數字: 6100880421
2026-09-14 20:14:47 INFO [app]: 數字匹配查詢到 0 筆結果
2026-09-14 20:14:47 WARNING [app]: 在 Buyer_detail 中未找到 PO 6100880421
2026-09-14 20:14:47 INFO [app]: Buyer_detail 中的有效 PO No. 樣本: ['6100891106', '6100891106']
2026-09-14 20:14:47 INFO [app]: Buyer_detail 查詢失敗，嘗試 Planned_Purchase 作為備用
2026-09-14 20:14:47 INFO [app]: 從 Planned_Purchase 查詢 (共 1 筆資料)
2026-09-14 20:14:47 ERROR [app]: ✗ 最終未找到 PO 6100880421 的 ePR No.
2026-09-14 20:14:47 INFO [app]: PO 6100880421 最終結果: User=查無此資訊, ePR=查無此資訊
2026-09-14 20:14:47 INFO [app]: 開始處理 PO: 6100880421
2026-09-14 20:14:47 INFO [app]: 查詢需求者，PO No: '6100880421'
2026-09-14 20:14:47 INFO [app]: Planned_Purchase CSV 欄位: ['Id', '開單狀態', 'WBS', '請購順序', '需求者', '請購項目', '需求原因', '總金額', '需求日', '已開單日期', 'ePR No.', '進度追蹤超連結', '備註', 'Status', '簽核中關卡', '報告路徑', '驗收路徑', '合作類別', '合作廠商', '前購單單號', '驗收狀態', 'PO No.', '主任簽核', '叔叔簽核']
2026-09-14 20:14:47 INFO [app]: 查詢結果數量: 0
2026-09-14 20:14:47 INFO [app]: 精確匹配失敗，嘗試部分匹配...
2026-09-14 20:14:47 INFO [app]: 前5筆 PO No. 資料: ['6100891106']
2026-09-14 20:14:47 INFO [app]: 查詢 ePR No.，PO No: '6100880421'
2026-09-14 20:14:47 INFO [app]: 從 Buyer_detail 查詢 (共 2 筆資料)
2026-09-14 20:14:47 INFO [app]: 將 PO No. 轉換為數字: 6100880421
2026-09-14 20:14:47 INFO [app]: 數字匹配查詢到 0 筆結果
2026-09-14 20:14:47 WARNING [app]: 在 Buyer_detail 中未找到 PO 6100880421
2026-09-14 20:14:47 INFO [app]: Buyer_detail 中的有效 PO No. 樣本: ['6100891106', '6100891106']
2026-09-14 20:14:47 INFO [app]: Buyer_detail 查詢失敗，嘗試 Planned_Purchase 作為備用
2026-09-14 20:14:47 INFO [app]: 從 Planned_Purchase 查詢 (共 1 筆資料)
2026-09-14 20:14:47 ERROR [app]: ✗ 最終未找到 PO 6100880421 的 ePR No.
2026-09-14 20:14:47 INFO [app]: PO 6100880421 最終結果: User=查無此資訊, ePR=查無此資訊
2026-09-14 20:14:47 INFO [app]: 開始處理 PO: 6100880421
2026-09-14 20:14:47 INFO [app]: 查詢需求者，PO No: '6100880421'
2026-09-14 20:14:47 INFO [app]: Planned_Purchase CSV 欄位: ['Id', '開單狀態', 'WBS', '請購順序', '需求者', '請購項目', '需求原因', '總金額', '需求日', '已開單日期', 'ePR No.', '進度追蹤超連結', '備註', 'Status', '簽核中關卡', '報告路徑', '驗收路徑', '合作類別', '合作廠商', '前購單單號', '驗收狀態', 'PO No.', '主任簽核', '叔叔簽核']
2026-09-14 20:14:47 INFO [app]: 查詢結果數量: 0
2026-09-14 20:14:47 INFO [app]: 精確匹配失敗，嘗試部分匹配...
2026-09-14 20:14:47 INFO [app]: 前5筆 PO No. 資料: ['6100891106']
2026-09-14 20:14:47 INFO [app]: 查詢 ePR No.，PO No: '6100880421'
2026-09-14 20:14:47 INFO [app]: 從 Buyer_detail 查詢 (共 2 筆資料)
2026-09-14 20:14:47 INFO [app]: 將 PO No. 轉換為數字: 6100880421
2026-09-14 20:14:47 INFO [app]: 數字匹配查詢到 0 筆結果
2026-09-14 20:14:47 WARNING [app]: 在 Buyer_detail 中未找到 PO 6100880421
2026-09-14 20:14:47 INFO [app]: Buyer_detail 中的有效 PO No. 樣本: ['6100891106', '6100891106']
2026-09-14 20:14:47 INFO [app]: Buyer_detail 查詢失敗，嘗試 Planned_Purchase 作為備用
2026-09-14 20:14:47 INFO [app]: 從 Planned_Purchase 查詢 (共 1 筆資料)
2026-09-14 20:14:47 ERROR [app]: ✗ 最終未找到 PO 6100880421 的 ePR No.
2026-09-14 20:14:47 INFO [app]: PO 6100880421 最終結果: User=查無此資訊, ePR=查無此資訊
2026-09-14 20:14:47 INFO [app]: 開始處理 PO: 6100891106
2026-09-14 20:14:47 INFO [app]: 查詢需求者，PO No: '6100891106'
2026-09-14 20:14:47 INFO [app]: Planned_Purchase CSV 欄位: ['Id', '開單狀態', 'WBS', '請購順序', '需求者', '請購項目', '需求原因', '總金額', '需求日', '已開單日期', 'ePR No.', '進度追蹤超連結', '備註', 'Status', '簽核中關卡', '報告路徑', '驗收路徑', '合作類別', '合作廠商', '前購單單號', '驗收狀態', 'PO No.', '主任簽核', '叔叔簽核']
2026-09-14 20:14:47 INFO [app]: 查詢結果數量: 1
2026-09-14 20:14:47 INFO [app]: 找到 PO 6100891106 的需求者: 測試中 -> 測試中
2026-09-14 20:14:47 INFO [app]: 查詢 ePR No.，PO No: '6100891106'
2026-09-14 20:14:47 INFO [app]: 從 Buyer_detail 查詢 (共 2 筆資料)
2026-09-14 20:14:47 INFO [app]: 將 PO No. 轉換為數字: 6100891106
2026-09-14 20:14:47 INFO [app]: 數字匹配查詢到 2 筆結果
2026-09-14 20:14:47 INFO [app]: 找到的 ePR No. 原始值: '2607060305', 類型: <class 'str'>
2026-09-14 20:14:47 INFO [app]: ✓ 在 Buyer_detail 找到 PO 6100891106 的 ePR No.: 2607060305
2026-09-14 20:14:47 INFO [app]: PO 6100891106 最終結果: User=測試中, ePR=2607060305
2026-09-14 20:14:47 INFO [app]: 開始處理 PO: 6100891106
2026-09-14 20:14:47 INFO [app]: 查詢需求者，PO No: '6100891106'
2026-09-14 20:14:47 INFO [app]: Planned_Purchase CSV 欄位: ['Id', '開單狀態', 'WBS', '請購順序', '需求者', '請購項目', '需求原因', '總金額', '需求日', '已開單日期', 'ePR No.', '進度追蹤超連結', '備註', 'Status', '簽核中關卡', '報告路徑', '驗收路徑', '合作類別', '合作廠商', '前購單單號', '驗收狀態', 'PO No.', '主任簽核', '叔叔簽核']
2026-09-14 20:14:47 INFO [app]: 查詢結果數量: 1
2026-09-14 20:14:47 INFO [app]: 找到 PO 6100891106 的需求者: 測試中 -> 測試中
2026-09-14 20:14:47 INFO [app]: 查詢 ePR No.，PO No: '6100891106'
2026-09-14 20:14:47 INFO [app]: 從 Buyer_detail 查詢 (共 2 筆資料)
2026-09-14 20:14:47 INFO [app]: 將 PO No. 轉換為數字: 6100891106
2026-09-14 20:14:47 INFO [app]: 數字匹配查詢到 2 筆結果
2026-09-14 20:14:47 INFO [app]: 找到的 ePR No. 原始值: '2607060305', 類型: <class 'str'>
2026-09-14 20:14:47 INFO [app]: ✓ 在 Buyer_detail 找到 PO 6100891106 的 ePR No.: 2607060305
2026-09-14 20:14:47 INFO [app]: PO 6100891106 最終結果: User=測試中, ePR=2607060305
2026-09-14 20:14:47 INFO [app]: 開始處理 PO: 6100881435
2026-09-14 20:14:47 INFO [app]: 查詢需求者，PO No: '6100881435'
2026-09-14 20:14:47 INFO [app]: Planned_Purchase CSV 欄位: ['Id', '開單狀態', 'WBS', '請購順序', '需求者', '請購項目', '需求原因', '總金額', '需求日', '已開單日期', 'ePR No.', '進度追蹤超連結', '備註', 'Status', '簽核中關卡', '報告路徑', '驗收路徑', '合作類別', '合作廠商', '前購單單號', '驗收狀態', 'PO No.', '主任簽核', '叔叔簽核']
2026-09-14 20:14:47 INFO [app]: 查詢結果數量: 0
2026-09-14 20:14:47 INFO [app]: 精確匹配失敗，嘗試部分匹配...
2026-09-14 20:14:47 INFO [app]: 前5筆 PO No. 資料: ['6100891106']
2026-09-14 20:14:47 INFO [app]: 查詢 ePR No.，PO No: '6100881435'
2026-09-14 20:14:47 INFO [app]: 從 Buyer_detail 查詢 (共 2 筆資料)
2026-09-14 20:14:47 INFO [app]: 將 PO No. 轉換為數字: 6100881435
2026-09-14 20:14:47 INFO [app]: 數字匹配查詢到 0 筆結果
2026-09-14 20:14:47 WARNING [app]: 在 Buyer_detail 中未找到 PO 6100881435
2026-09-14 20:14:47 INFO [app]: Buyer_detail 中的有效 PO No. 樣本: ['6100891106', '6100891106']
2026-09-14 20:14:47 INFO [app]: Buyer_detail 查詢失敗，嘗試 Planned_Purchase 作為備用
2026-09-14 20:14:47 INFO [app]: 從 Planned_Purchase 查詢 (共 1 筆資料)
2026-09-14 20:14:47 ERROR [app]: ✗ 最終未找到 PO 6100881435 的 ePR No.
2026-09-14 20:14:47 INFO [app]: PO 6100881435 最終結果: User=查無此資訊, ePR=查無此資訊
2026-09-14 20:14:47 INFO [app]: 開始處理 PO: 6100882227
2026-09-14 20:14:47 INFO [app]: 查詢需求者，PO No: '6100882227'
2026-09-14 20:14:47 INFO [app]: Planned_Purchase CSV 欄位: ['Id', '開單狀態', 'WBS', '請購順序', '需求者', '請購項目', '需求原因', '總金額', '需求日', '已開單日期', 'ePR No.', '進度追蹤超連結', '備註', 'Status', '簽核中關卡', '報告路徑', '驗收路徑', '合作類別', '合作廠商', '前購單單號', '驗收狀態', 'PO No.', '主任簽核', '叔叔簽核']
2026-09-14 20:14:47 INFO [app]: 查詢結果數量: 0
2026-09-14 20:14:47 INFO [app]: 精確匹配失敗，嘗試部分匹配...
2026-09-14 20:14:47 INFO [app]: 前5筆 PO No. 資料: ['6100891106']
2026-09-14 20:14:47 INFO [app]: 查詢 ePR No.，PO No: '6100882227'
2026-09-14 20:14:47 INFO [app]: 從 Buyer_detail 查詢 (共 2 筆資料)
2026-09-14 20:14:47 INFO [app]: 將 PO No. 轉換為數字: 6100882227
2026-09-14 20:14:47 INFO [app]: 數字匹配查詢到 0 筆結果
2026-09-14 20:14:47 WARNING [app]: 在 Buyer_detail 中未找到 PO 6100882227
2026-09-14 20:14:47 INFO [app]: Buyer_detail 中的有效 PO No. 樣本: ['6100891106', '6100891106']
2026-09-14 20:14:47 INFO [app]: Buyer_detail 查詢失敗，嘗試 Planned_Purchase 作為備用
2026-09-14 20:14:47 INFO [app]: 從 Planned_Purchase 查詢 (共 1 筆資料)
2026-09-14 20:14:47 ERROR [app]: ✗ 最終未找到 PO 6100882227 的 ePR No.
2026-09-14 20:14:47 INFO [app]: PO 6100882227 最終結果: User=查無此資訊, ePR=查無此資訊
2026-09-14 20:14:47 INFO [app]: 開始處理 PO: 6100882227
2026-09-14 20:14:47 INFO [app]: 查詢需求者，PO No: '6100882227'
2026-09-14 20:14:47 INFO [app]: Planned_Purchase CSV 欄位: ['Id', '開單狀態', 'WBS', '請購順序', '需求者', '請購項目', '需求原因', '總金額', '需求日', '已開單日期', 'ePR No.', '進度追蹤超連結', '備註', 'Status', '簽核中關卡', '報告路徑', '驗收路徑', '合作類別', '合作廠商', '前購單單號', '驗收狀態', 'PO No.', '主任簽核', '叔叔簽核']
2026-09-14 20:14:47 INFO [app]: 查詢結果數量: 0
2026-09-14 20:14:47 INFO [app]: 精確匹配失敗，嘗試部分匹配...
2026-09-14 20:14:47 INFO [app]: 前5筆 PO No. 資料: ['6100891106']
2026-09-14 20:14:47 INFO [app]: 查詢 ePR No.，PO No: '6100882227'
2026-09-14 20:14:48 INFO [app]: 從 Buyer_detail 查詢 (共 2 筆資料)
2026-09-14 20:14:48 INFO [app]: 將 PO No. 轉換為數字: 6100882227
2026-09-14 20:14:48 INFO [app]: 數字匹配查詢到 0 筆結果
2026-09-14 20:14:48 WARNING [app]: 在 Buyer_detail 中未找到 PO 6100882227
2026-09-14 20:14:48 INFO [app]: Buyer_detail 中的有效 PO No. 樣本: ['6100891106', '6100891106']
2026-09-14 20:14:48 INFO [app]: Buyer_detail 查詢失敗，嘗試 Planned_Purchase 作為備用
2026-09-14 20:14:48 INFO [app]: 從 Planned_Purchase 查詢 (共 1 筆資料)
2026-09-14 20:14:48 ERROR [app]: ✗ 最終未找到 PO 6100882227 的 ePR No.
2026-09-14 20:14:48 INFO [app]: PO 6100882227 最終結果: User=查無此資訊, ePR=查無此資訊
2026-09-14 20:14:48 INFO [app]: 開始處理 PO: 6100882178
2026-09-14 20:14:48 INFO [app]: 查詢需求者，PO No: '6100882178'
2026-09-14 20:14:48 INFO [app]: Planned_Purchase CSV 欄位: ['Id', '開單狀態', 'WBS', '請購順序', '需求者', '請購項目', '需求原因', '總金額', '需求日', '已開單日期', 'ePR No.', '進度追蹤超連結', '備註', 'Status', '簽核中關卡', '報告路徑', '驗收路徑', '合作類別', '合作廠商', '前購單單號', '驗收狀態', 'PO No.', '主任簽核', '叔叔簽核']
2026-09-14 20:14:48 INFO [app]: 查詢結果數量: 0
2026-09-14 20:14:48 INFO [app]: 精確匹配失敗，嘗試部分匹配...
2026-09-14 20:14:48 INFO [app]: 前5筆 PO No. 資料: ['6100891106']
2026-09-14 20:14:48 INFO [app]: 查詢 ePR No.，PO No: '6100882178'
2026-09-14 20:14:48 INFO [app]: 從 Buyer_detail 查詢 (共 2 筆資料)
2026-09-14 20:14:48 INFO [app]: 將 PO No. 轉換為數字: 6100882178
2026-09-14 20:14:48 INFO [app]: 數字匹配查詢到 0 筆結果
2026-09-14 20:14:48 WARNING [app]: 在 Buyer_detail 中未找到 PO 6100882178
2026-09-14 20:14:48 INFO [app]: Buyer_detail 中的有效 PO No. 樣本: ['6100891106', '6100891106']
2026-09-14 20:14:48 INFO [app]: Buyer_detail 查詢失敗，嘗試 Planned_Purchase 作為備用
2026-09-14 20:14:48 INFO [app]: 從 Planned_Purchase 查詢 (共 1 筆資料)
2026-09-14 20:14:48 ERROR [app]: ✗ 最終未找到 PO 6100882178 的 ePR No.
2026-09-14 20:14:48 INFO [app]: PO 6100882178 最終結果: User=查無此資訊, ePR=查無此資訊
2026-09-14 20:14:48 INFO [app]: 回傳完整結果: {'6100879496': {'user': '查無此資訊', 'eprNo': '查無此資訊'}, '6100880421': {'user': '查無此資訊', 'eprNo': '查無此資訊'}, '6100891106': {'user': '測試中', 'eprNo': '2607060305'}, '6100881435': {'user': '查無此資訊', 'eprNo': '查無此資訊'}, '6100882227': {'user': '查無此資訊', 'eprNo': '查無此資訊'}, '6100882178': {'user': '查無此資訊', 'eprNo': '查無此資訊'}}
2026-09-14 20:14:53 INFO [app]: [KL] [G9743] POST /api/acc-mail-remarks
2026-09-14 20:14:53 INFO [app]: 新增備註選項: 523563:
2026-09-14 20:14:59 INFO [app]: [KL] [G9743] POST /api/save-mail
2026-09-14 20:14:59 INFO [app]: 準備發送郵件,共 10 筆資料
2026-09-14 20:14:59 INFO [app]:   [1] PO: 6100879496 / Item: 0001 / 備註: 523563:452453245
2026-09-14 20:14:59 INFO [app]:   [2] PO: 6100880421 / Item: 0001 / 備註: 設備周邊，請 User 提供照片結案
2026-09-14 20:14:59 INFO [app]:   [3] PO: 6100880421 / Item: 0002 / 備註: 設備修改類, 請 User 提供照片結案
2026-09-14 20:14:59 INFO [app]:   [4] PO: 6100880421 / Item: 0003 / 備註: 設備修改類, 請 User 提供照片結案
2026-09-14 20:14:59 INFO [app]:   [5] PO: 6100891106 / Item: 0001 / 備註: 設備修改類, 請 User 提供照片結案
2026-09-14 20:14:59 INFO [app]:   [6] PO: 6100891106 / Item: 0002 / 備註: 設備修改類, 請 User 提供照片結案
2026-09-14 20:14:59 INFO [app]:   [7] PO: 6100881435 / Item: 0001 / 備註: 設備修改類, 請 User 提供照片結案
2026-09-14 20:14:59 INFO [app]:   [8] PO: 6100882227 / Item: 0001 / 備註: 設備修改類, 請 User 提供照片結案
2026-09-14 20:14:59 INFO [app]:   [9] PO: 6100882227 / Item: 0002 / 備註: 設備修改類, 請 User 提供照片結案
2026-09-14 20:14:59 INFO [app]:   [10] PO: 6100882178 / Item: 0001 / 備註: 設備修改類, 請 User 提供照片結案
2026-09-14 20:14:59 INFO [app]: 提取到的使用者: ['測試中']
2026-09-14 20:14:59 INFO [app]: 使用者 測試中 -> 英文名: Test
2026-09-14 20:14:59 INFO [app]: 生成的問候語: Dear Test
2026-09-14 20:14:59 INFO [app]: 生成的問候語: Dear Test
2026-09-14 20:14:59 INFO [app]: PO字串: 6100891106、6100879496、6100880421、6100881435、6100882178、6100882227
2026-09-14 20:14:59 INFO [app]: TO 收件人: Otis_Wang@aseglobal.com
2026-09-14 20:14:59 INFO [app]: TO 字串: Test
2026-09-14 20:14:59 INFO [app]: 問候語: Dear Test
2026-09-14 20:14:59 INFO [app]: PO: 6100891106、6100879496、6100880421、6100881435、6100882178、6100882227
TO: Otis_Wang@aseglobal.com
Greeting: Dear Test
2026-09-14 20:15:20 INFO [app]: ✅ 郵件發送成功,處理了 10 筆資料
2026-09-14 20:15:58 INFO [app]: [KL] [G9743] GET /api/get-filters-json/G9743
2026-09-14 20:15:58 INFO [app]: [KL] [G9743] GET /api/admins
2026-09-14 20:15:58 INFO [app]: [KL] [G9743] GET /api/buyer_detail
2026-09-14 20:15:58 INFO [app]: [KL] [G9743] GET /api/get_unaccounted_amount
2026-09-14 20:15:58 INFO [app]: [KL] [G9743] GET /api/accounting_summary
2026-09-14 20:15:59 INFO [app]: [KL] [G9743] GET /api/monthly_actual_accounting
2026-09-14 20:15:59 INFO [app]: [KL] [G9743] GET /api/getrestofmoney
2026-09-14 20:15:59 INFO [app]: [KL] [G9743] GET /api/next_month_amount
2026-09-14 20:15:59 INFO [app]: ✅ 計算金額欄位已建立
2026-09-14 20:15:59 INFO [app]: 📅 下個月日期範圍: 2026-10-01 ~ 2026-10-31
2026-09-14 20:15:59 INFO [app]: 🔢 整數格式: 20261001 ~ 20261031
2026-09-14 20:15:59 INFO [app]: ✅ 符合條件的資料共 0 筆
2026-09-14 20:15:59 INFO [app]: 💰 下個月預計入帳總金額: 0 元
2026-09-14 20:15:59 INFO [app]: ✅ API 執行成功
2026-09-14 20:33:03 INFO [app]: [KL] [G9743] POST /api/get-username-info
2026-09-14 20:33:03 INFO [app]: [KL] [G9743] GET /data
2026-09-14 20:33:03 INFO [app]: [KL] [G9743] GET /api/unordered-count
2026-09-14 20:33:03 INFO [app]: [KL] [G9743] GET /api/requesters
2026-09-14 20:33:03 INFO [app]: [KL] [G9743] GET /api/admins
2026-09-14 20:33:03 INFO [app]: [KL] [G9743] GET /api/venders
2026-09-14 20:33:03 INFO [app]: [KL] [G9743] GET /api/get-filters-json/G9743
2026-09-14 20:33:03 INFO [app]: [KL] [G9743] GET /api/getrestofmoney
2026-09-14 20:33:03 INFO [app]: [KL] [G9743] GET /api/message-board/unread/G9743
2026-09-14 20:33:04 INFO [app]: [KL] [G9743] GET /api/get-filters-json/G9743
2026-09-14 20:33:04 INFO [app]: [KL] [G9743] POST /api/save-filters-json
2026-09-14 20:33:05 INFO [app]: [KL] [G9743] POST /api/get-username-info
2026-09-14 20:33:05 INFO [app]: [KL] [G9743] GET /data
2026-09-14 20:33:05 INFO [app]: [KL] [G9743] GET /api/unordered-count
2026-09-14 20:33:05 INFO [app]: [KL] [G9743] GET /api/requesters
2026-09-14 20:33:05 INFO [app]: [KL] [G9743] GET /api/admins
2026-09-14 20:33:05 INFO [app]: [KL] [G9743] GET /api/venders
2026-09-14 20:33:05 INFO [app]: [KL] [G9743] GET /api/get-filters-json/G9743
2026-09-14 20:33:05 INFO [app]: [KL] [G9743] GET /api/getrestofmoney
2026-09-14 20:33:05 INFO [app]: [KL] [G9743] GET /api/message-board/unread/G9743
2026-09-14 20:33:06 INFO [app]: [KL] [G9743] GET /api/get-filters-json/G9743
2026-09-14 20:33:06 INFO [app]: [KL] [G9743] POST /api/save-filters-json
2026-09-14 20:33:18 INFO [app]: [KL] [G9743] POST /api/uploadMoney
2026-09-14 20:33:23 INFO [app]: [KL] [G9743] POST /api/get-username-info
2026-09-14 20:33:23 INFO [app]: [KL] [G9743] GET /data
2026-09-14 20:33:23 INFO [app]: [KL] [G9743] GET /api/unordered-count
2026-09-14 20:33:23 INFO [app]: [KL] [G9743] GET /api/requesters
2026-09-14 20:33:23 INFO [app]: [KL] [G9743] GET /api/admins
2026-09-14 20:33:23 INFO [app]: [KL] [G9743] GET /api/venders
2026-09-14 20:33:23 INFO [app]: [KL] [G9743] GET /api/get-filters-json/G9743
2026-09-14 20:33:23 INFO [app]: [KL] [G9743] GET /api/getrestofmoney
2026-09-14 20:33:23 INFO [app]: [KL] [G9743] GET /api/message-board/unread/G9743
2026-09-14 20:33:24 INFO [app]: [KL] [G9743] GET /api/get-filters-json/G9743
2026-09-14 20:33:24 INFO [app]: [KL] [G9743] POST /api/save-filters-json
2026-09-14 20:33:29 INFO [app]: [KL] [G9743] POST /api/get-username-info
2026-09-14 20:33:29 INFO [app]: [KL] [G9743] GET /data
2026-09-14 20:33:30 INFO [app]: [KL] [G9743] GET /api/unordered-count
2026-09-14 20:33:30 INFO [app]: [KL] [G9743] GET /api/requesters
2026-09-14 20:33:30 INFO [app]: [KL] [G9743] GET /api/admins
2026-09-14 20:33:30 INFO [app]: [KL] [G9743] GET /api/venders
2026-09-14 20:33:30 INFO [app]: [KL] [G9743] GET /api/get-filters-json/G9743
2026-09-14 20:33:30 INFO [app]: [KL] [G9743] GET /api/getrestofmoney
2026-09-14 20:33:30 INFO [app]: [KL] [G9743] GET /api/message-board/unread/G9743
2026-09-14 20:33:30 INFO [app]: [KL] [G9743] GET /api/get-filters-json/G9743
2026-09-14 20:33:30 INFO [app]: [KL] [G9743] POST /api/save-filters-json
2026-09-14 20:34:30 INFO [app]: [KL] [G9743] GET /api/message-board/unread/G9743
2026-09-14 20:34:48 INFO [app]: 🔄 Log 系統已啟動（設定檔：D:\網頁\預計請購\config.ini，輪轉週期：7 天，保留 52 份）
2026-09-14 20:34:49 INFO [app]: 🔄 Log 系統已啟動（設定檔：D:\網頁\預計請購\config.ini，輪轉週期：7 天，保留 52 份）
2026-09-14 20:34:50 INFO [app]: [KL] [G9743] POST /api/get-username-info
2026-09-14 20:34:50 INFO [app]: [KL] [G9743] GET /data
2026-09-14 20:34:50 INFO [app]: [KL] [G9743] GET /api/unordered-count
2026-09-14 20:34:50 INFO [app]: [KL] [G9743] GET /api/requesters
2026-09-14 20:34:50 INFO [app]: [KL] [G9743] GET /api/admins
2026-09-14 20:34:50 INFO [app]: [KL] [G9743] GET /api/venders
2026-09-14 20:34:50 INFO [app]: [KL] [G9743] GET /api/get-filters-json/G9743
2026-09-14 20:34:50 INFO [app]: [KL] [G9743] GET /api/getrestofmoney
2026-09-14 20:34:51 INFO [app]: [KL] [G9743] GET /api/message-board/unread/G9743
2026-09-14 20:34:51 INFO [app]: [KL] [G9743] GET /api/get-filters-json/G9743
2026-09-14 20:34:51 INFO [app]: [KL] [G9743] POST /api/save-filters-json
2026-09-14 20:35:51 INFO [app]: [KL] [G9743] GET /api/message-board/unread/G9743
2026-09-14 20:36:10 INFO [app]: 🔄 Log 系統已啟動（設定檔：D:\網頁\預計請購\config.ini，輪轉週期：7 天，保留 52 份）
2026-09-14 20:36:12 INFO [app]: 🔄 Log 系統已啟動（設定檔：D:\網頁\預計請購\config.ini，輪轉週期：7 天，保留 52 份）
2026-09-14 20:36:12 INFO [app]: [KL] [G9743] POST /api/get-username-info
2026-09-14 20:36:13 INFO [app]: [KL] [G9743] GET /data
2026-09-14 20:36:13 INFO [app]: [KL] [G9743] GET /api/unordered-count
2026-09-14 20:36:13 INFO [app]: [KL] [G9743] GET /api/requesters
2026-09-14 20:36:13 INFO [app]: [KL] [G9743] GET /api/admins
2026-09-14 20:36:13 INFO [app]: [KL] [G9743] GET /api/venders
2026-09-14 20:36:13 INFO [app]: [KL] [G9743] GET /api/get-filters-json/G9743
2026-09-14 20:36:14 INFO [app]: [KL] [G9743] GET /api/getrestofmoney
2026-09-14 20:36:14 INFO [app]: [KL] [G9743] GET /api/message-board/unread/G9743
2026-09-14 20:36:14 INFO [app]: [KL] [G9743] GET /api/get-filters-json/G9743
2026-09-14 20:36:14 INFO [app]: [KL] [G9743] POST /api/save-filters-json
2026-09-14 20:36:21 INFO [app]: [KL] [G9743] GET /api/get-filters-json/G9743
2026-09-14 20:36:21 INFO [app]: [KL] [G9743] POST /api/save-filters-json
2026-09-14 20:37:14 INFO [app]: [KL] [G9743] GET /api/message-board/unread/G9743
2026-09-14 20:38:14 INFO [app]: [KL] [G9743] GET /api/message-board/unread/G9743
2026-09-14 20:39:14 INFO [app]: [KL] [G9743] GET /api/message-board/unread/G9743
2026-09-14 20:40:14 INFO [app]: [KL] [G9743] GET /api/message-board/unread/G9743
2026-09-14 20:41:14 INFO [app]: [KL] [G9743] GET /api/message-board/unread/G9743
2026-09-14 20:41:24 INFO [app]: 🔄 Log 系統已啟動（設定檔：D:\網頁\預計請購\config.ini，輪轉週期：7 天，保留 52 份）
2026-09-14 20:41:43 INFO [app]: [KL] [G9743] POST /api/get-username-info
2026-09-14 20:41:43 INFO [app]: [KL] [G9743] GET /data
2026-09-14 20:41:44 INFO [app]: [KL] [G9743] GET /api/unordered-count
2026-09-14 20:41:44 INFO [app]: [KL] [G9743] GET /api/requesters
2026-09-14 20:41:44 INFO [app]: [KL] [G9743] GET /api/admins
2026-09-14 20:41:44 INFO [app]: [KL] [G9743] GET /api/venders
2026-09-14 20:41:44 INFO [app]: [KL] [G9743] GET /api/get-filters-json/G9743
2026-09-14 20:41:44 INFO [app]: [KL] [G9743] GET /api/getrestofmoney
2026-09-14 20:41:44 INFO [app]: [KL] [G9743] GET /api/message-board/unread/G9743
2026-09-14 20:41:44 INFO [app]: [KL] [G9743] GET /api/get-filters-json/G9743
2026-09-14 20:41:44 INFO [app]: [KL] [G9743] POST /api/save-filters-json
2026-09-14 20:41:45 INFO [app]: [KL] [G9743] GET /api/admins
2026-09-14 20:41:45 INFO [app]: [KL] [G9743] GET /api/requesters
2026-09-14 20:45:49 INFO [app]: 🔄 Log 系統已啟動（設定檔：D:\網頁\預計請購\config.ini，輪轉週期：7 天，保留 52 份）
2026-09-14 20:45:51 INFO [app]: 🔄 Log 系統已啟動（設定檔：D:\網頁\預計請購\config.ini，輪轉週期：7 天，保留 52 份）
2026-09-14 20:45:51 INFO [app]: [KL] [G9743] GET /api/admins
2026-09-14 20:45:51 INFO [app]: [KL] [G9743] GET /api/requesters
2026-09-14 20:48:17 INFO [app]: [KL] [G9743] GET /api/admins
2026-09-14 20:48:18 INFO [app]: [KL] [G9743] GET /api/requesters
2026-09-14 20:51:08 INFO [app]: [KL] [G9743] GET /api/admins
2026-09-14 20:51:08 INFO [app]: [KL] [G9743] GET /api/requesters
2026-09-14 20:51:26 INFO [app]: [KL] [G9743] POST /api/requesters/add
2026-09-14 20:57:16 INFO [app]: [KL] [G9743] POST /api/get-username-info
2026-09-14 20:57:16 INFO [app]: [KL] [G9743] GET /data
2026-09-14 20:57:16 INFO [app]: [KL] [G9743] GET /api/unordered-count
2026-09-14 20:57:16 INFO [app]: [KL] [G9743] GET /api/requesters
2026-09-14 20:57:16 INFO [app]: [KL] [G9743] GET /api/admins
2026-09-14 20:57:16 INFO [app]: [KL] [G9743] GET /api/venders
2026-09-14 20:57:17 INFO [app]: [KL] [G9743] GET /api/get-filters-json/G9743
2026-09-14 20:57:17 INFO [app]: [KL] [G9743] GET /api/getrestofmoney
2026-09-14 20:57:17 INFO [app]: [KL] [G9743] GET /api/message-board/unread/G9743
2026-09-14 20:57:17 INFO [app]: [KL] [G9743] GET /api/mail-recipients
2026-09-14 20:57:21 INFO [app]: [KL] [G9743] POST /api/mail-recipients
2026-09-14 20:57:21 INFO [app]: 新增 Mail 固定人員: acceptance.cc += 4545
2026-09-14 20:57:23 INFO [app]: [KL] [G9743] POST /api/mail-recipients
2026-09-14 20:57:23 INFO [app]: 新增 Mail 固定人員: purchase.to += 456
2026-09-14 20:57:24 INFO [app]: [KL] [G9743] POST /api/mail-recipients
2026-09-14 20:57:24 INFO [app]: 新增 Mail 固定人員: purchase.cc += 456
2026-09-14 20:57:40 INFO [app]: [KL] [G9743] POST /api/get-username-info
2026-09-14 20:57:40 INFO [app]: [KL] [G9743] GET /data
2026-09-14 20:57:40 INFO [app]: [KL] [G9743] GET /api/unordered-count
2026-09-14 20:57:40 INFO [app]: [KL] [G9743] GET /api/requesters
2026-09-14 20:57:40 INFO [app]: [KL] [G9743] GET /api/admins
2026-09-14 20:57:40 INFO [app]: [KL] [G9743] GET /api/venders
2026-09-14 20:57:40 INFO [app]: [KL] [G9743] GET /api/get-filters-json/G9743
2026-09-14 20:57:40 INFO [app]: [KL] [G9743] GET /api/getrestofmoney
2026-09-14 20:57:40 INFO [app]: [KL] [G9743] GET /api/message-board/unread/G9743
2026-09-14 20:57:40 INFO [app]: [KL] [G9743] GET /api/get-filters-json/G9743
2026-09-14 20:57:40 INFO [app]: [KL] [G9743] POST /api/save-filters-json
2026-09-14 20:57:41 INFO [app]: [KL] [G9743] GET /api/get-filters-json/G9743
2026-09-14 20:57:41 INFO [app]: [KL] [G9743] GET /api/admins
2026-09-14 20:57:41 INFO [app]: [KL] [G9743] GET /api/buyer_detail
2026-09-14 20:57:41 INFO [app]: [KL] [G9743] GET /api/get_unaccounted_amount
2026-09-14 20:57:41 INFO [app]: [KL] [G9743] GET /api/accounting_summary
2026-09-14 20:57:41 INFO [app]: [KL] [G9743] GET /api/monthly_actual_accounting
2026-09-14 20:57:41 INFO [app]: [KL] [G9743] GET /api/getrestofmoney
2026-09-14 20:57:41 INFO [app]: [KL] [G9743] GET /api/next_month_amount
2026-09-14 20:57:41 INFO [app]: ✅ 計算金額欄位已建立
2026-09-14 20:57:41 INFO [app]: 📅 下個月日期範圍: 2026-10-01 ~ 2026-10-31
2026-09-14 20:57:41 INFO [app]: 🔢 整數格式: 20261001 ~ 20261031
2026-09-14 20:57:41 INFO [app]: ✅ 符合條件的資料共 0 筆
2026-09-14 20:57:41 INFO [app]: 💰 下個月預計入帳總金額: 0 元
2026-09-14 20:57:41 INFO [app]: ✅ API 執行成功
2026-09-14 20:57:45 INFO [app]: [KL] [G9743] POST /api/parse-mhtml
2026-09-14 20:57:45 INFO [app]: 收到檔案: 物料收貨單-20260727.mhtml, 大小: 266595 字元
2026-09-14 20:57:45 INFO [app]: ==================================================
2026-09-14 20:57:45 INFO [app]: 解析結果:
2026-09-14 20:57:45 INFO [app]: 檔案名稱: 物料收貨單-20260727.mhtml
2026-09-14 20:57:45 INFO [app]: 解析筆數: 10
2026-09-14 20:57:45 INFO [app]: ------------------------------
2026-09-14 20:57:45 INFO [app]: 第 1 筆:
2026-09-14 20:57:45 INFO [app]:   RT No: 6000295435
2026-09-14 20:57:45 INFO [app]:   項次: 0001
2026-09-14 20:57:45 INFO [app]:   PO No: 6100879496
2026-09-14 20:57:45 INFO [app]:   科目指派: K - 費用
2026-09-14 20:57:45 INFO [app]:   品名: CIM S-KMT68840SR CONTROL FRONT_S015/
2026-09-14 20:57:45 INFO [app]:   數量: 5
2026-09-14 20:57:45 INFO [app]:   取件者: AB門
2026-09-14 20:57:45 INFO [app]: ------------------------------
2026-09-14 20:57:45 INFO [app]: 第 2 筆:
2026-09-14 20:57:45 INFO [app]:   RT No: 6000297871
2026-09-14 20:57:45 INFO [app]:   項次: 0001
2026-09-14 20:57:45 INFO [app]:   PO No: 6100880421
2026-09-14 20:57:45 INFO [app]:   科目指派: K - 費用
2026-09-14 20:57:45 INFO [app]:   品名: ASE-AS114000308-1 時規皮帶輪(AL-SUS)
2026-09-14 20:57:45 INFO [app]:   數量: 20
2026-09-14 20:57:45 INFO [app]:   取件者: 郭任?
2026-09-14 20:57:45 INFO [app]: ------------------------------
2026-09-14 20:57:45 INFO [app]: 第 3 筆:
2026-09-14 20:57:45 INFO [app]:   RT No: 6000297871
2026-09-14 20:57:45 INFO [app]:   項次: 0002
2026-09-14 20:57:45 INFO [app]:   PO No: 6100880421
2026-09-14 20:57:45 INFO [app]:   科目指派: K - 費用
2026-09-14 20:57:45 INFO [app]:   品名: ASE-AS114000308-2 時規皮帶輪(AL-SUS)
2026-09-14 20:57:45 INFO [app]:   數量: 20
2026-09-14 20:57:45 INFO [app]:   取件者: 郭任?
2026-09-14 20:57:45 INFO [app]: ------------------------------
2026-09-14 20:57:45 INFO [app]: 第 4 筆:
2026-09-14 20:57:45 INFO [app]:   RT No: 6000297871
2026-09-14 20:57:45 INFO [app]:   項次: 0003
2026-09-14 20:57:45 INFO [app]:   PO No: 6100880421
2026-09-14 20:57:45 INFO [app]:   科目指派: K - 費用
2026-09-14 20:57:45 INFO [app]:   品名: ASE-AS11500054 時規皮帶輪(軸承)
2026-09-14 20:57:45 INFO [app]:   數量: 20
2026-09-14 20:57:45 INFO [app]:   取件者: 郭任?
2026-09-14 20:57:45 INFO [app]: ------------------------------
2026-09-14 20:57:45 INFO [app]: 第 5 筆:
2026-09-14 20:57:45 INFO [app]:   RT No: 6000302036
2026-09-14 20:57:45 INFO [app]:   項次: 0001
2026-09-14 20:57:45 INFO [app]:   PO No: 6100891106
2026-09-14 20:57:45 INFO [app]:   科目指派: K - 費用
2026-09-14 20:57:45 INFO [app]:   品名: Keyence GL-S24FH 安全光柵
2026-09-14 20:57:45 INFO [app]:   數量: 2
2026-09-14 20:57:45 INFO [app]:   取件者: X1
2026-09-14 20:57:45 INFO [app]: ------------------------------
2026-09-14 20:57:45 INFO [app]: 第 6 筆:
2026-09-14 20:57:45 INFO [app]:   RT No: 6000302036
2026-09-14 20:57:45 INFO [app]:   項次: 0002
2026-09-14 20:57:45 INFO [app]:   PO No: 6100891106
2026-09-14 20:57:45 INFO [app]:   科目指派: K - 費用
2026-09-14 20:57:45 INFO [app]:   品名: Keyence GL-SP5P 安全光柵用通訊纜線
2026-09-14 20:57:45 INFO [app]:   數量: 2
2026-09-14 20:57:45 INFO [app]:   取件者: X1
2026-09-14 20:57:45 INFO [app]: ------------------------------
2026-09-14 20:57:45 INFO [app]: 第 7 筆:
2026-09-14 20:57:45 INFO [app]:   RT No: 6000302064
2026-09-14 20:57:45 INFO [app]:   項次: 0001
2026-09-14 20:57:45 INFO [app]:   PO No: 6100881435
2026-09-14 20:57:45 INFO [app]:   科目指派: K - 費用
2026-09-14 20:57:45 INFO [app]:   品名: TBD-06-3450-1541 K11-8F-3450 馬達軸心
2026-09-14 20:57:45 INFO [app]:   數量: 30
2026-09-14 20:57:45 INFO [app]:   取件者: 郭任?
2026-09-14 20:57:45 INFO [app]: ------------------------------
2026-09-14 20:57:45 INFO [app]: 第 8 筆:
2026-09-14 20:57:45 INFO [app]:   RT No: 6000303860
2026-09-14 20:57:45 INFO [app]:   項次: 0001
2026-09-14 20:57:45 INFO [app]:   PO No: 6100882227
2026-09-14 20:57:45 INFO [app]:   科目指派: K - 費用
2026-09-14 20:57:45 INFO [app]:   品名: CIM VX113-1002 Heary-weight wheel
2026-09-14 20:57:45 INFO [app]:   數量: 4
2026-09-14 20:57:45 INFO [app]:   取件者: 周彥良
2026-09-14 20:57:45 INFO [app]: ------------------------------
2026-09-14 20:57:45 INFO [app]: 第 9 筆:
2026-09-14 20:57:45 INFO [app]:   RT No: 6000303860
2026-09-14 20:57:45 INFO [app]:   項次: 0002
2026-09-14 20:57:45 INFO [app]:   PO No: 6100882227
2026-09-14 20:57:45 INFO [app]:   科目指派: K - 費用
2026-09-14 20:57:45 INFO [app]:   品名: CIM VX113-1006 Timing belt 時規皮帶
2026-09-14 20:57:45 INFO [app]:   數量: 4
2026-09-14 20:57:45 INFO [app]:   取件者: 周彥良
2026-09-14 20:57:45 INFO [app]: ------------------------------
2026-09-14 20:57:45 INFO [app]: 第 10 筆:
2026-09-14 20:57:45 INFO [app]:   RT No: 6000303861
2026-09-14 20:57:45 INFO [app]:   項次: 0001
2026-09-14 20:57:45 INFO [app]:   PO No: 6100882178
2026-09-14 20:57:45 INFO [app]:   科目指派: K - 費用
2026-09-14 20:57:45 INFO [app]:   品名: TBD-06-4110-1500 K11-8F 4110五合一烤盤
2026-09-14 20:57:45 INFO [app]:   數量: 9
2026-09-14 20:57:45 INFO [app]:   取件者: 林建良
2026-09-14 20:57:45 INFO [app]: ------------------------------
2026-09-14 20:57:45 INFO [app]: ==================================================
2026-09-14 20:58:15 INFO [app]: [KL] [G9743] GET /api/acc-mail-remarks
2026-09-14 20:58:15 INFO [app]: [KL] [G9743] POST /api/get-user-epr-data
2026-09-14 20:58:15 INFO [app]: 收到查詢請求，PO 號碼: ['6100879496', '6100880421', '6100880421', '6100880421', '6100891106', '6100891106', '6100881435', '6100882227', '6100882227', '6100882178']
2026-09-14 20:58:15 INFO [app]: buyer_detail_df 狀態: 已載入
2026-09-14 20:58:15 INFO [app]: planned_purchase_df 狀態: 已載入
2026-09-14 20:58:15 INFO [app]: Buyer_detail 資料筆數: 2
2026-09-14 20:58:15 INFO [app]: Buyer_detail 欄位: ['Id', '開單狀態', '交貨驗證', 'User', 'ePR No.', 'PO No.', 'Item', '品項', '規格', '數量', '總數', '單價', '總價', '備註', '字數', 'isEditing', 'backup', '_alertedItemLimit', 'Delivery Date 廠商承諾交期', 'SOD Qty 廠商承諾數量', '驗收數量', '拒收數量', '發票月份', 'WBS', '需求日', 'RT金額', 'RT總金額', '驗收狀態']
2026-09-14 20:58:15 INFO [app]: Buyer_detail 前3筆 PO No.: ['6100891106', '6100891106']
2026-09-14 20:58:15 INFO [app]: Planned_purchase 資料筆數: 1
2026-09-14 20:58:15 INFO [app]: Planned_purchase 欄位: ['Id', '開單狀態', 'WBS', '請購順序', '需求者', '請購項目', '需求原因', '總金額', '需求日', '已開單日期', 'ePR No.', '進度追蹤超連結', '備註', 'Status', '簽核中關卡', '報告路徑', '驗收路徑', '合作類別', '合作廠商', '前購單單號', '驗收狀態', 'PO No.', '主任簽核', '叔叔簽核']
2026-09-14 20:58:15 INFO [app]: Planned_purchase 前3筆 PO No.: ['6100891106']
2026-09-14 20:58:15 INFO [app]: 開始處理 PO: 6100879496
2026-09-14 20:58:15 INFO [app]: 查詢需求者，PO No: '6100879496'
2026-09-14 20:58:15 INFO [app]: Planned_Purchase CSV 欄位: ['Id', '開單狀態', 'WBS', '請購順序', '需求者', '請購項目', '需求原因', '總金額', '需求日', '已開單日期', 'ePR No.', '進度追蹤超連結', '備註', 'Status', '簽核中關卡', '報告路徑', '驗收路徑', '合作類別', '合作廠商', '前購單單號', '驗收狀態', 'PO No.', '主任簽核', '叔叔簽核']
2026-09-14 20:58:15 INFO [app]: 查詢結果數量: 0
2026-09-14 20:58:15 INFO [app]: 精確匹配失敗，嘗試部分匹配...
2026-09-14 20:58:15 INFO [app]: 前5筆 PO No. 資料: ['6100891106']
2026-09-14 20:58:15 INFO [app]: 查詢 ePR No.，PO No: '6100879496'
2026-09-14 20:58:15 INFO [app]: 從 Buyer_detail 查詢 (共 2 筆資料)
2026-09-14 20:58:15 INFO [app]: 將 PO No. 轉換為數字: 6100879496
2026-09-14 20:58:15 INFO [app]: 數字匹配查詢到 0 筆結果
2026-09-14 20:58:15 WARNING [app]: 在 Buyer_detail 中未找到 PO 6100879496
2026-09-14 20:58:15 INFO [app]: Buyer_detail 中的有效 PO No. 樣本: ['6100891106', '6100891106']
2026-09-14 20:58:15 INFO [app]: Buyer_detail 查詢失敗，嘗試 Planned_Purchase 作為備用
2026-09-14 20:58:15 INFO [app]: 從 Planned_Purchase 查詢 (共 1 筆資料)
2026-09-14 20:58:15 ERROR [app]: ✗ 最終未找到 PO 6100879496 的 ePR No.
2026-09-14 20:58:15 INFO [app]: PO 6100879496 最終結果: User=查無此資訊, ePR=查無此資訊
2026-09-14 20:58:15 INFO [app]: 開始處理 PO: 6100880421
2026-09-14 20:58:15 INFO [app]: 查詢需求者，PO No: '6100880421'
2026-09-14 20:58:15 INFO [app]: Planned_Purchase CSV 欄位: ['Id', '開單狀態', 'WBS', '請購順序', '需求者', '請購項目', '需求原因', '總金額', '需求日', '已開單日期', 'ePR No.', '進度追蹤超連結', '備註', 'Status', '簽核中關卡', '報告路徑', '驗收路徑', '合作類別', '合作廠商', '前購單單號', '驗收狀態', 'PO No.', '主任簽核', '叔叔簽核']
2026-09-14 20:58:15 INFO [app]: 查詢結果數量: 0
2026-09-14 20:58:15 INFO [app]: 精確匹配失敗，嘗試部分匹配...
2026-09-14 20:58:15 INFO [app]: 前5筆 PO No. 資料: ['6100891106']
2026-09-14 20:58:15 INFO [app]: 查詢 ePR No.，PO No: '6100880421'
2026-09-14 20:58:15 INFO [app]: 從 Buyer_detail 查詢 (共 2 筆資料)
2026-09-14 20:58:15 INFO [app]: 將 PO No. 轉換為數字: 6100880421
2026-09-14 20:58:15 INFO [app]: 數字匹配查詢到 0 筆結果
2026-09-14 20:58:15 WARNING [app]: 在 Buyer_detail 中未找到 PO 6100880421
2026-09-14 20:58:15 INFO [app]: Buyer_detail 中的有效 PO No. 樣本: ['6100891106', '6100891106']
2026-09-14 20:58:15 INFO [app]: Buyer_detail 查詢失敗，嘗試 Planned_Purchase 作為備用
2026-09-14 20:58:15 INFO [app]: 從 Planned_Purchase 查詢 (共 1 筆資料)
2026-09-14 20:58:15 ERROR [app]: ✗ 最終未找到 PO 6100880421 的 ePR No.
2026-09-14 20:58:15 INFO [app]: PO 6100880421 最終結果: User=查無此資訊, ePR=查無此資訊
2026-09-14 20:58:15 INFO [app]: 開始處理 PO: 6100880421
2026-09-14 20:58:15 INFO [app]: 查詢需求者，PO No: '6100880421'
2026-09-14 20:58:15 INFO [app]: Planned_Purchase CSV 欄位: ['Id', '開單狀態', 'WBS', '請購順序', '需求者', '請購項目', '需求原因', '總金額', '需求日', '已開單日期', 'ePR No.', '進度追蹤超連結', '備註', 'Status', '簽核中關卡', '報告路徑', '驗收路徑', '合作類別', '合作廠商', '前購單單號', '驗收狀態', 'PO No.', '主任簽核', '叔叔簽核']
2026-09-14 20:58:15 INFO [app]: 查詢結果數量: 0
2026-09-14 20:58:15 INFO [app]: 精確匹配失敗，嘗試部分匹配...
2026-09-14 20:58:15 INFO [app]: 前5筆 PO No. 資料: ['6100891106']
2026-09-14 20:58:15 INFO [app]: 查詢 ePR No.，PO No: '6100880421'
2026-09-14 20:58:15 INFO [app]: 從 Buyer_detail 查詢 (共 2 筆資料)
2026-09-14 20:58:15 INFO [app]: 將 PO No. 轉換為數字: 6100880421
2026-09-14 20:58:15 INFO [app]: 數字匹配查詢到 0 筆結果
2026-09-14 20:58:15 WARNING [app]: 在 Buyer_detail 中未找到 PO 6100880421
2026-09-14 20:58:15 INFO [app]: Buyer_detail 中的有效 PO No. 樣本: ['6100891106', '6100891106']
2026-09-14 20:58:15 INFO [app]: Buyer_detail 查詢失敗，嘗試 Planned_Purchase 作為備用
2026-09-14 20:58:15 INFO [app]: 從 Planned_Purchase 查詢 (共 1 筆資料)
2026-09-14 20:58:15 ERROR [app]: ✗ 最終未找到 PO 6100880421 的 ePR No.
2026-09-14 20:58:15 INFO [app]: PO 6100880421 最終結果: User=查無此資訊, ePR=查無此資訊
2026-09-14 20:58:15 INFO [app]: 開始處理 PO: 6100880421
2026-09-14 20:58:15 INFO [app]: 查詢需求者，PO No: '6100880421'
2026-09-14 20:58:15 INFO [app]: Planned_Purchase CSV 欄位: ['Id', '開單狀態', 'WBS', '請購順序', '需求者', '請購項目', '需求原因', '總金額', '需求日', '已開單日期', 'ePR No.', '進度追蹤超連結', '備註', 'Status', '簽核中關卡', '報告路徑', '驗收路徑', '合作類別', '合作廠商', '前購單單號', '驗收狀態', 'PO No.', '主任簽核', '叔叔簽核']
2026-09-14 20:58:15 INFO [app]: 查詢結果數量: 0
2026-09-14 20:58:15 INFO [app]: 精確匹配失敗，嘗試部分匹配...
2026-09-14 20:58:15 INFO [app]: 前5筆 PO No. 資料: ['6100891106']
2026-09-14 20:58:15 INFO [app]: 查詢 ePR No.，PO No: '6100880421'
2026-09-14 20:58:15 INFO [app]: 從 Buyer_detail 查詢 (共 2 筆資料)
2026-09-14 20:58:15 INFO [app]: 將 PO No. 轉換為數字: 6100880421
2026-09-14 20:58:15 INFO [app]: 數字匹配查詢到 0 筆結果
2026-09-14 20:58:15 WARNING [app]: 在 Buyer_detail 中未找到 PO 6100880421
2026-09-14 20:58:15 INFO [app]: Buyer_detail 中的有效 PO No. 樣本: ['6100891106', '6100891106']
2026-09-14 20:58:15 INFO [app]: Buyer_detail 查詢失敗，嘗試 Planned_Purchase 作為備用
2026-09-14 20:58:15 INFO [app]: 從 Planned_Purchase 查詢 (共 1 筆資料)
2026-09-14 20:58:15 ERROR [app]: ✗ 最終未找到 PO 6100880421 的 ePR No.
2026-09-14 20:58:15 INFO [app]: PO 6100880421 最終結果: User=查無此資訊, ePR=查無此資訊
2026-09-14 20:58:15 INFO [app]: 開始處理 PO: 6100891106
2026-09-14 20:58:15 INFO [app]: 查詢需求者，PO No: '6100891106'
2026-09-14 20:58:15 INFO [app]: Planned_Purchase CSV 欄位: ['Id', '開單狀態', 'WBS', '請購順序', '需求者', '請購項目', '需求原因', '總金額', '需求日', '已開單日期', 'ePR No.', '進度追蹤超連結', '備註', 'Status', '簽核中關卡', '報告路徑', '驗收路徑', '合作類別', '合作廠商', '前購單單號', '驗收狀態', 'PO No.', '主任簽核', '叔叔簽核']
2026-09-14 20:58:15 INFO [app]: 查詢結果數量: 1
2026-09-14 20:58:15 INFO [app]: 找到 PO 6100891106 的需求者: 測試中 -> 測試中
2026-09-14 20:58:15 INFO [app]: 查詢 ePR No.，PO No: '6100891106'
2026-09-14 20:58:15 INFO [app]: 從 Buyer_detail 查詢 (共 2 筆資料)
2026-09-14 20:58:15 INFO [app]: 將 PO No. 轉換為數字: 6100891106
2026-09-14 20:58:15 INFO [app]: 數字匹配查詢到 2 筆結果
2026-09-14 20:58:15 INFO [app]: 找到的 ePR No. 原始值: '2607060305', 類型: <class 'str'>
2026-09-14 20:58:15 INFO [app]: ✓ 在 Buyer_detail 找到 PO 6100891106 的 ePR No.: 2607060305
2026-09-14 20:58:15 INFO [app]: PO 6100891106 最終結果: User=測試中, ePR=2607060305
2026-09-14 20:58:15 INFO [app]: 開始處理 PO: 6100891106
2026-09-14 20:58:15 INFO [app]: 查詢需求者，PO No: '6100891106'
2026-09-14 20:58:15 INFO [app]: Planned_Purchase CSV 欄位: ['Id', '開單狀態', 'WBS', '請購順序', '需求者', '請購項目', '需求原因', '總金額', '需求日', '已開單日期', 'ePR No.', '進度追蹤超連結', '備註', 'Status', '簽核中關卡', '報告路徑', '驗收路徑', '合作類別', '合作廠商', '前購單單號', '驗收狀態', 'PO No.', '主任簽核', '叔叔簽核']
2026-09-14 20:58:15 INFO [app]: 查詢結果數量: 1
2026-09-14 20:58:15 INFO [app]: 找到 PO 6100891106 的需求者: 測試中 -> 測試中
2026-09-14 20:58:15 INFO [app]: 查詢 ePR No.，PO No: '6100891106'
2026-09-14 20:58:15 INFO [app]: 從 Buyer_detail 查詢 (共 2 筆資料)
2026-09-14 20:58:15 INFO [app]: 將 PO No. 轉換為數字: 6100891106
2026-09-14 20:58:15 INFO [app]: 數字匹配查詢到 2 筆結果
2026-09-14 20:58:15 INFO [app]: 找到的 ePR No. 原始值: '2607060305', 類型: <class 'str'>
2026-09-14 20:58:15 INFO [app]: ✓ 在 Buyer_detail 找到 PO 6100891106 的 ePR No.: 2607060305
2026-09-14 20:58:15 INFO [app]: PO 6100891106 最終結果: User=測試中, ePR=2607060305
2026-09-14 20:58:15 INFO [app]: 開始處理 PO: 6100881435
2026-09-14 20:58:15 INFO [app]: 查詢需求者，PO No: '6100881435'
2026-09-14 20:58:15 INFO [app]: Planned_Purchase CSV 欄位: ['Id', '開單狀態', 'WBS', '請購順序', '需求者', '請購項目', '需求原因', '總金額', '需求日', '已開單日期', 'ePR No.', '進度追蹤超連結', '備註', 'Status', '簽核中關卡', '報告路徑', '驗收路徑', '合作類別', '合作廠商', '前購單單號', '驗收狀態', 'PO No.', '主任簽核', '叔叔簽核']
2026-09-14 20:58:15 INFO [app]: 查詢結果數量: 0
2026-09-14 20:58:15 INFO [app]: 精確匹配失敗，嘗試部分匹配...
2026-09-14 20:58:15 INFO [app]: 前5筆 PO No. 資料: ['6100891106']
2026-09-14 20:58:15 INFO [app]: 查詢 ePR No.，PO No: '6100881435'
2026-09-14 20:58:15 INFO [app]: 從 Buyer_detail 查詢 (共 2 筆資料)
2026-09-14 20:58:15 INFO [app]: 將 PO No. 轉換為數字: 6100881435
2026-09-14 20:58:15 INFO [app]: 數字匹配查詢到 0 筆結果
2026-09-14 20:58:15 WARNING [app]: 在 Buyer_detail 中未找到 PO 6100881435
2026-09-14 20:58:15 INFO [app]: Buyer_detail 中的有效 PO No. 樣本: ['6100891106', '6100891106']
2026-09-14 20:58:15 INFO [app]: Buyer_detail 查詢失敗，嘗試 Planned_Purchase 作為備用
2026-09-14 20:58:15 INFO [app]: 從 Planned_Purchase 查詢 (共 1 筆資料)
2026-09-14 20:58:15 ERROR [app]: ✗ 最終未找到 PO 6100881435 的 ePR No.
2026-09-14 20:58:15 INFO [app]: PO 6100881435 最終結果: User=查無此資訊, ePR=查無此資訊
2026-09-14 20:58:15 INFO [app]: 開始處理 PO: 6100882227
2026-09-14 20:58:15 INFO [app]: 查詢需求者，PO No: '6100882227'
2026-09-14 20:58:15 INFO [app]: Planned_Purchase CSV 欄位: ['Id', '開單狀態', 'WBS', '請購順序', '需求者', '請購項目', '需求原因', '總金額', '需求日', '已開單日期', 'ePR No.', '進度追蹤超連結', '備註', 'Status', '簽核中關卡', '報告路徑', '驗收路徑', '合作類別', '合作廠商', '前購單單號', '驗收狀態', 'PO No.', '主任簽核', '叔叔簽核']
2026-09-14 20:58:15 INFO [app]: 查詢結果數量: 0
2026-09-14 20:58:15 INFO [app]: 精確匹配失敗，嘗試部分匹配...
2026-09-14 20:58:15 INFO [app]: 前5筆 PO No. 資料: ['6100891106']
2026-09-14 20:58:15 INFO [app]: 查詢 ePR No.，PO No: '6100882227'
2026-09-14 20:58:15 INFO [app]: 從 Buyer_detail 查詢 (共 2 筆資料)
2026-09-14 20:58:15 INFO [app]: 將 PO No. 轉換為數字: 6100882227
2026-09-14 20:58:15 INFO [app]: 數字匹配查詢到 0 筆結果
2026-09-14 20:58:15 WARNING [app]: 在 Buyer_detail 中未找到 PO 6100882227
2026-09-14 20:58:15 INFO [app]: Buyer_detail 中的有效 PO No. 樣本: ['6100891106', '6100891106']
2026-09-14 20:58:15 INFO [app]: Buyer_detail 查詢失敗，嘗試 Planned_Purchase 作為備用
2026-09-14 20:58:15 INFO [app]: 從 Planned_Purchase 查詢 (共 1 筆資料)
2026-09-14 20:58:15 ERROR [app]: ✗ 最終未找到 PO 6100882227 的 ePR No.
2026-09-14 20:58:15 INFO [app]: PO 6100882227 最終結果: User=查無此資訊, ePR=查無此資訊
2026-09-14 20:58:15 INFO [app]: 開始處理 PO: 6100882227
2026-09-14 20:58:15 INFO [app]: 查詢需求者，PO No: '6100882227'
2026-09-14 20:58:15 INFO [app]: Planned_Purchase CSV 欄位: ['Id', '開單狀態', 'WBS', '請購順序', '需求者', '請購項目', '需求原因', '總金額', '需求日', '已開單日期', 'ePR No.', '進度追蹤超連結', '備註', 'Status', '簽核中關卡', '報告路徑', '驗收路徑', '合作類別', '合作廠商', '前購單單號', '驗收狀態', 'PO No.', '主任簽核', '叔叔簽核']
2026-09-14 20:58:15 INFO [app]: 查詢結果數量: 0
2026-09-14 20:58:15 INFO [app]: 精確匹配失敗，嘗試部分匹配...
2026-09-14 20:58:15 INFO [app]: 前5筆 PO No. 資料: ['6100891106']
2026-09-14 20:58:15 INFO [app]: 查詢 ePR No.，PO No: '6100882227'
2026-09-14 20:58:15 INFO [app]: 從 Buyer_detail 查詢 (共 2 筆資料)
2026-09-14 20:58:15 INFO [app]: 將 PO No. 轉換為數字: 6100882227
2026-09-14 20:58:15 INFO [app]: 數字匹配查詢到 0 筆結果
2026-09-14 20:58:15 WARNING [app]: 在 Buyer_detail 中未找到 PO 6100882227
2026-09-14 20:58:15 INFO [app]: Buyer_detail 中的有效 PO No. 樣本: ['6100891106', '6100891106']
2026-09-14 20:58:15 INFO [app]: Buyer_detail 查詢失敗，嘗試 Planned_Purchase 作為備用
2026-09-14 20:58:15 INFO [app]: 從 Planned_Purchase 查詢 (共 1 筆資料)
2026-09-14 20:58:15 ERROR [app]: ✗ 最終未找到 PO 6100882227 的 ePR No.
2026-09-14 20:58:15 INFO [app]: PO 6100882227 最終結果: User=查無此資訊, ePR=查無此資訊
2026-09-14 20:58:15 INFO [app]: 開始處理 PO: 6100882178
2026-09-14 20:58:15 INFO [app]: 查詢需求者，PO No: '6100882178'
2026-09-14 20:58:15 INFO [app]: Planned_Purchase CSV 欄位: ['Id', '開單狀態', 'WBS', '請購順序', '需求者', '請購項目', '需求原因', '總金額', '需求日', '已開單日期', 'ePR No.', '進度追蹤超連結', '備註', 'Status', '簽核中關卡', '報告路徑', '驗收路徑', '合作類別', '合作廠商', '前購單單號', '驗收狀態', 'PO No.', '主任簽核', '叔叔簽核']
2026-09-14 20:58:15 INFO [app]: 查詢結果數量: 0
2026-09-14 20:58:15 INFO [app]: 精確匹配失敗，嘗試部分匹配...
2026-09-14 20:58:15 INFO [app]: 前5筆 PO No. 資料: ['6100891106']
2026-09-14 20:58:15 INFO [app]: 查詢 ePR No.，PO No: '6100882178'
2026-09-14 20:58:15 INFO [app]: 從 Buyer_detail 查詢 (共 2 筆資料)
2026-09-14 20:58:15 INFO [app]: 將 PO No. 轉換為數字: 6100882178
2026-09-14 20:58:15 INFO [app]: 數字匹配查詢到 0 筆結果
2026-09-14 20:58:15 WARNING [app]: 在 Buyer_detail 中未找到 PO 6100882178
2026-09-14 20:58:15 INFO [app]: Buyer_detail 中的有效 PO No. 樣本: ['6100891106', '6100891106']
2026-09-14 20:58:15 INFO [app]: Buyer_detail 查詢失敗，嘗試 Planned_Purchase 作為備用
2026-09-14 20:58:15 INFO [app]: 從 Planned_Purchase 查詢 (共 1 筆資料)
2026-09-14 20:58:15 ERROR [app]: ✗ 最終未找到 PO 6100882178 的 ePR No.
2026-09-14 20:58:15 INFO [app]: PO 6100882178 最終結果: User=查無此資訊, ePR=查無此資訊
2026-09-14 20:58:15 INFO [app]: 回傳完整結果: {'6100879496': {'user': '查無此資訊', 'eprNo': '查無此資訊'}, '6100880421': {'user': '查無此資訊', 'eprNo': '查無此資訊'}, '6100891106': {'user': '測試中', 'eprNo': '2607060305'}, '6100881435': {'user': '查無此資訊', 'eprNo': '查無此資訊'}, '6100882227': {'user': '查無此資訊', 'eprNo': '查無此資訊'}, '6100882178': {'user': '查無此資訊', 'eprNo': '查無此資訊'}}
2026-09-14 20:58:19 INFO [app]: [KL] [G9743] POST /api/save-mail
2026-09-14 20:58:19 INFO [app]: 準備發送郵件,共 10 筆資料
2026-09-14 20:58:19 INFO [app]:   [1] PO: 6100879496 / Item: 0001 / 備註: 設備維修類, 請 User 提供照片結案
2026-09-14 20:58:19 INFO [app]:   [2] PO: 6100880421 / Item: 0001 / 備註: 設備修改類, 請 User 提供照片結案
2026-09-14 20:58:19 INFO [app]:   [3] PO: 6100880421 / Item: 0002 / 備註: 設備修改類, 請 User 提供照片結案
2026-09-14 20:58:19 INFO [app]:   [4] PO: 6100880421 / Item: 0003 / 備註: 設備修改類, 請 User 提供照片結案
2026-09-14 20:58:19 INFO [app]:   [5] PO: 6100891106 / Item: 0001 / 備註: 設備修改類, 請 User 提供照片結案
2026-09-14 20:58:19 INFO [app]:   [6] PO: 6100891106 / Item: 0002 / 備註: 設備修改類, 請 User 提供照片結案
2026-09-14 20:58:19 INFO [app]:   [7] PO: 6100881435 / Item: 0001 / 備註: 設備修改類, 請 User 提供照片結案
2026-09-14 20:58:19 INFO [app]:   [8] PO: 6100882227 / Item: 0001 / 備註: 設備修改類, 請 User 提供照片結案
2026-09-14 20:58:19 INFO [app]:   [9] PO: 6100882227 / Item: 0002 / 備註: 設備修改類, 請 User 提供照片結案
2026-09-14 20:58:19 INFO [app]:   [10] PO: 6100882178 / Item: 0001 / 備註: 設備修改類, 請 User 提供照片結案
2026-09-14 20:58:19 INFO [app]: 提取到的使用者: ['測試中']
2026-09-14 20:58:19 INFO [app]: 使用者 測試中 -> 英文名: Test
2026-09-14 20:58:19 INFO [app]: 生成的問候語: Dear Test
2026-09-14 20:58:19 INFO [app]: 生成的問候語: Dear Test
2026-09-14 20:58:19 INFO [app]: PO字串: 6100882227、6100879496、6100882178、6100881435、6100880421、6100891106
2026-09-14 20:58:19 INFO [app]: TO 收件人: Otis_Wang@aseglobal.com
2026-09-14 20:58:19 INFO [app]: TO 字串: Test
2026-09-14 20:58:19 INFO [app]: 問候語: Dear Test
2026-09-14 20:58:19 INFO [app]: PO: 6100882227、6100879496、6100882178、6100881435、6100880421、6100891106
TO: Otis_Wang@aseglobal.com
Greeting: Dear Test
2026-09-14 20:58:40 INFO [app]: ✅ 郵件發送成功,處理了 10 筆資料
2026-09-14 20:59:08 INFO [app]: [KL] [G9743] GET /api/get-filters-json/G9743
2026-09-14 20:59:08 INFO [app]: [KL] [G9743] GET /api/admins
2026-09-14 20:59:08 INFO [app]: [KL] [G9743] GET /api/buyer_detail
2026-09-14 20:59:08 INFO [app]: [KL] [G9743] GET /api/get_unaccounted_amount
2026-09-14 20:59:08 INFO [app]: [KL] [G9743] GET /api/accounting_summary
2026-09-14 20:59:08 INFO [app]: [KL] [G9743] GET /api/monthly_actual_accounting
2026-09-14 20:59:08 INFO [app]: [KL] [G9743] GET /api/getrestofmoney
2026-09-14 20:59:08 INFO [app]: [KL] [G9743] GET /api/next_month_amount
2026-09-14 20:59:08 INFO [app]: ✅ 計算金額欄位已建立
2026-09-14 20:59:08 INFO [app]: 📅 下個月日期範圍: 2026-10-01 ~ 2026-10-31
2026-09-14 20:59:08 INFO [app]: 🔢 整數格式: 20261001 ~ 20261031
2026-09-14 20:59:08 INFO [app]: ✅ 符合條件的資料共 0 筆
2026-09-14 20:59:08 INFO [app]: 💰 下個月預計入帳總金額: 0 元
2026-09-14 20:59:08 INFO [app]: ✅ API 執行成功
2026-09-14 20:59:18 INFO [app]: [KL] [G9743] POST /api/get-username-info
2026-09-14 20:59:18 INFO [app]: [KL] [G9743] GET /data
2026-09-14 20:59:18 INFO [app]: [KL] [G9743] GET /api/unordered-count
2026-09-14 20:59:18 INFO [app]: [KL] [G9743] GET /api/requesters
2026-09-14 20:59:18 INFO [app]: [KL] [G9743] GET /api/admins
2026-09-14 20:59:18 INFO [app]: [KL] [G9743] GET /api/venders
2026-09-14 20:59:18 INFO [app]: [KL] [G9743] GET /api/get-filters-json/G9743
2026-09-14 20:59:18 INFO [app]: [KL] [G9743] GET /api/getrestofmoney
2026-09-14 20:59:18 INFO [app]: [KL] [G9743] GET /api/message-board/unread/G9743
2026-09-14 20:59:18 INFO [app]: [KL] [G9743] GET /api/get-filters-json/G9743
2026-09-14 20:59:18 INFO [app]: [KL] [G9743] POST /api/save-filters-json
2026-09-14 21:00:18 INFO [app]: [KL] [G9743] GET /api/message-board/unread/G9743
2026-09-14 21:01:18 INFO [app]: [KL] [G9743] GET /api/message-board/unread/G9743
2026-09-14 21:02:18 INFO [app]: [KL] [G9743] GET /api/message-board/unread/G9743
2026-09-14 21:03:18 INFO [app]: [KL] [G9743] GET /api/message-board/unread/G9743
2026-09-14 21:04:18 INFO [app]: [KL] [G9743] GET /api/message-board/unread/G9743
2026-09-14 21:05:18 INFO [app]: [KL] [G9743] GET /api/message-board/unread/G9743
2026-09-14 21:06:18 INFO [app]: [KL] [G9743] GET /api/message-board/unread/G9743
2026-09-14 21:07:19 INFO [app]: [KL] [G9743] GET /api/message-board/unread/G9743
2026-09-14 21:08:18 INFO [app]: [KL] [G9743] GET /api/message-board/unread/G9743
2026-09-14 21:09:19 INFO [app]: [KL] [G9743] GET /api/message-board/unread/G9743
2026-09-14 21:10:20 INFO [app]: [KL] [G9743] GET /api/message-board/unread/G9743
2026-09-14 21:11:21 INFO [app]: [KL] [G9743] GET /api/message-board/unread/G9743
2026-09-14 21:12:22 INFO [app]: [KL] [G9743] GET /api/message-board/unread/G9743
2026-09-14 21:13:23 INFO [app]: [KL] [G9743] GET /api/message-board/unread/G9743
2026-09-14 21:14:24 INFO [app]: [KL] [G9743] GET /api/message-board/unread/G9743
2026-09-14 21:15:25 INFO [app]: [KL] [G9743] GET /api/message-board/unread/G9743
2026-09-14 21:16:26 INFO [app]: [KL] [G9743] GET /api/message-board/unread/G9743
2026-09-14 21:17:27 INFO [app]: [KL] [G9743] GET /api/message-board/unread/G9743
2026-09-14 21:18:28 INFO [app]: [KL] [G9743] GET /api/message-board/unread/G9743
2026-09-14 21:19:29 INFO [app]: [KL] [G9743] GET /api/message-board/unread/G9743
2026-09-14 21:20:30 INFO [app]: [KL] [G9743] GET /api/message-board/unread/G9743
2026-09-14 21:21:31 INFO [app]: [KL] [G9743] GET /api/message-board/unread/G9743
2026-09-14 21:22:32 INFO [app]: [KL] [G9743] GET /api/message-board/unread/G9743
2026-09-14 21:23:20 INFO [app]: 🔄 Log 系統已啟動（設定檔：D:\網頁\預計請購\config.ini，輪轉週期：7 天，保留 52 份）
2026-09-14 21:23:32 INFO [app]: [KL] [G9743] GET /api/message-board/unread/G9743
2026-09-14 21:24:32 INFO [app]: [KL] [G9743] GET /api/message-board/unread/G9743
2026-09-14 21:25:32 INFO [app]: [KL] [G9743] GET /api/message-board/unread/G9743
2026-09-14 21:26:32 INFO [app]: [KL] [G9743] GET /api/message-board/unread/G9743
2026-09-14 21:27:32 INFO [app]: [KL] [G9743] GET /api/message-board/unread/G9743
2026-09-14 21:28:32 INFO [app]: [KL] [G9743] GET /api/message-board/unread/G9743
2026-09-14 21:29:32 INFO [app]: [KL] [G9743] GET /api/message-board/unread/G9743
2026-09-14 21:30:32 INFO [app]: [KL] [G9743] GET /api/message-board/unread/G9743
2026-09-14 21:31:32 INFO [app]: [KL] [G9743] GET /api/message-board/unread/G9743
2026-09-14 21:31:51 INFO [app]: 🔄 Log 系統已啟動（設定檔：D:\網頁\預計請購\config.ini，輪轉週期：7 天，保留 52 份）
2026-09-14 21:32:32 INFO [app]: [KL] [G9743] GET /api/message-board/unread/G9743
2026-09-14 21:33:32 INFO [app]: [KL] [G9743] GET /api/message-board/unread/G9743
2026-09-14 21:34:05 INFO [app]: 🔄 Log 系統已啟動（設定檔：D:\網頁\預計請購\config.ini，輪轉週期：7 天，保留 52 份）
2026-09-14 21:34:05 INFO [app]: 🔄 Log 系統已啟動（設定檔：D:\網頁\預計請購\config.ini，輪轉週期：7 天，保留 52 份）
2026-09-14 21:34:08 INFO [app]: [KL] [G9743] GET /api/buyer_detail
2026-09-14 21:34:08 INFO [app]: [KL] [G9743] GET /api/get_unaccounted_amount
2026-09-14 21:34:08 INFO [app]: [KL] [G9743] GET /api/accounting_summary
2026-09-14 21:34:08 INFO [app]: [KL] [G9743] GET /api/monthly_actual_accounting
2026-09-14 21:34:08 INFO [app]: [KL] [G9743] GET /api/getrestofmoney
2026-09-14 21:34:09 INFO [app]: [KL] [G9743] GET /api/next_month_amount
2026-09-14 21:34:09 INFO [app]: ✅ 計算金額欄位已建立
2026-09-14 21:34:09 INFO [app]: 📅 下個月日期範圍: 2026-10-01 ~ 2026-10-31
2026-09-14 21:34:09 INFO [app]: 🔢 整數格式: 20261001 ~ 20261031
2026-09-14 21:34:09 INFO [app]: ✅ 符合條件的資料共 0 筆
2026-09-14 21:34:09 INFO [app]: 💰 下個月預計入帳總金額: 0 元
2026-09-14 21:34:09 INFO [app]: ✅ API 執行成功
2026-09-14 21:34:10 INFO [app]: [KL] [G9743] POST /api/get-username-info
2026-09-14 21:34:10 INFO [app]: [KL] [G9743] GET /api/mail-recipients
2026-09-14 21:34:10 INFO [app]: [KL] [G9743] POST /api/get-username-info
2026-09-14 21:34:10 INFO [app]: [KL] [G9743] GET /api/requesters
2026-09-14 21:34:11 INFO [app]: [KL] [G9743] POST /api/get-username-info
2026-09-14 21:34:12 INFO [app]: [KL] [G9743] GET /api/buyer_detail
2026-09-14 21:34:12 INFO [app]: [KL] [G9743] GET /api/get_unaccounted_amount
2026-09-14 21:34:12 INFO [app]: [KL] [G9743] GET /api/accounting_summary
2026-09-14 21:34:12 INFO [app]: [KL] [G9743] GET /api/monthly_actual_accounting
2026-09-14 21:34:12 INFO [app]: [KL] [G9743] GET /api/getrestofmoney
2026-09-14 21:34:12 INFO [app]: [KL] [G9743] GET /api/next_month_amount
2026-09-14 21:34:12 INFO [app]: ✅ 計算金額欄位已建立
2026-09-14 21:34:12 INFO [app]: 📅 下個月日期範圍: 2026-10-01 ~ 2026-10-31
2026-09-14 21:34:12 INFO [app]: 🔢 整數格式: 20261001 ~ 20261031
2026-09-14 21:34:12 INFO [app]: ✅ 符合條件的資料共 0 筆
2026-09-14 21:34:12 INFO [app]: 💰 下個月預計入帳總金額: 0 元
2026-09-14 21:34:12 INFO [app]: ✅ API 執行成功
2026-09-14 21:34:13 INFO [app]: [KL] [G9743] GET /api/buyer_detail
2026-09-14 21:34:13 INFO [app]: [KL] [G9743] GET /api/get_unaccounted_amount
2026-09-14 21:34:13 INFO [app]: [KL] [G9743] GET /api/accounting_summary
2026-09-14 21:34:13 INFO [app]: [KL] [G9743] GET /api/monthly_actual_accounting
2026-09-14 21:34:13 INFO [app]: [KL] [G9743] GET /api/getrestofmoney
2026-09-14 21:34:13 INFO [app]: [KL] [G9743] GET /api/next_month_amount
2026-09-14 21:34:13 INFO [app]: ✅ 計算金額欄位已建立
2026-09-14 21:34:13 INFO [app]: 📅 下個月日期範圍: 2026-10-01 ~ 2026-10-31
2026-09-14 21:34:13 INFO [app]: 🔢 整數格式: 20261001 ~ 20261031
2026-09-14 21:34:13 INFO [app]: ✅ 符合條件的資料共 0 筆
2026-09-14 21:34:13 INFO [app]: 💰 下個月預計入帳總金額: 0 元
2026-09-14 21:34:13 INFO [app]: ✅ API 執行成功
2026-09-14 21:34:14 INFO [app]: [KL] [G9743] GET /api/buyer_detail
2026-09-14 21:34:14 INFO [app]: [KL] [G9743] POST /api/get-username-info
2026-09-14 21:34:15 INFO [app]: [KL] [G9743] POST /api/getUsername
2026-09-14 21:34:15 INFO [app]: [KL] [G9743] POST /api/get-username-info
2026-09-14 21:34:15 INFO [app]: [KL] [G9743] POST /api/get-username-info
2026-09-14 21:34:15 INFO [app]: [KL] [G9743] POST /api/get-username-info
2026-09-14 21:34:15 INFO [app]: [KL] [G9743] POST /api/get-username-info
2026-09-14 21:34:16 INFO [app]: [KL] [G9743] POST /api/get-username-info
2026-09-14 21:34:57 INFO [app]: [KH] [K18251] POST /api/getAllLoginer
2026-09-14 21:34:57 INFO [app]: 登入對應廠區: K18251 → 本廠 KH，可進入 ['KH', 'KL', 'NL']
2026-09-14 21:35:03 INFO [app]: [KH] [K18251] POST /api/getAllLoginer
2026-09-14 21:35:03 INFO [app]: 登入對應廠區: K18251 → 本廠 KH，可進入 ['KH', 'KL', 'NL']
2026-09-14 21:35:03 INFO [app]: [NL] [K18251] POST /api/login
2026-09-14 21:35:04 INFO [app]: [NL] [K18251] POST /api/get-username-info
2026-09-14 21:35:04 INFO [app]: [NL] [K18251] GET /data
2026-09-14 21:35:04 INFO [app]: [NL] [K18251] GET /api/unordered-count
2026-09-14 21:35:04 INFO [app]: [NL] [K18251] GET /api/requesters
2026-09-14 21:35:04 INFO [app]: [NL] [K18251] GET /api/admins
2026-09-14 21:35:04 INFO [app]: [NL] [K18251] GET /api/venders
2026-09-14 21:35:04 INFO [app]: [NL] [K18251] GET /api/get-filters-json/K18251
2026-09-14 21:35:04 INFO [app]: [NL] [K18251] GET /api/getrestofmoney
2026-09-14 21:35:04 INFO [app]: [NL] [K18251] GET /api/message-board/unread/K18251
2026-09-14 21:35:04 INFO [app]: [NL] [K18251] GET /api/get-filters-json/K18251
2026-09-14 21:35:04 INFO [app]: [NL] [K18251] POST /api/save-filters-json
2026-09-14 21:35:13 INFO [app]: [KH] [K18251] POST /api/getAllLoginer
2026-09-14 21:35:13 INFO [app]: 登入對應廠區: K18251 → 本廠 KH，可進入 ['KH', 'KL', 'NL']
2026-09-14 21:41:12 INFO [app]: [KH] [K18251] POST /api/getAllLoginer
2026-09-14 21:41:12 INFO [app]: 登入對應廠區: K18251 → 本廠 KH，可進入 ['KH', 'KL', 'NL']
2026-09-14 21:41:19 INFO [app]: [KH] [C9228] POST /api/getAllLoginer
2026-09-14 21:41:19 INFO [app]: 登入對應廠區: C9228 → 本廠 KH，可進入 ['KH']
2026-09-14 21:41:19 INFO [app]: [KH] [C9228] POST /api/login
2026-09-14 21:41:19 INFO [app]: [KH] [C9228] POST /api/get-username-info
2026-09-14 21:41:19 INFO [app]: [KH] [C9228] GET /data
2026-09-14 21:41:19 INFO [app]: [KH] [C9228] GET /api/unordered-count
2026-09-14 21:41:19 INFO [app]: [KH] [C9228] GET /api/requesters
2026-09-14 21:41:19 INFO [app]: [KH] [C9228] GET /api/admins
2026-09-14 21:41:19 INFO [app]: [KH] [C9228] GET /api/venders
2026-09-14 21:41:19 INFO [app]: [KH] [C9228] GET /api/get-filters-json/C9228
2026-09-14 21:41:19 INFO [app]: [KH] [C9228] GET /api/getrestofmoney
2026-09-14 21:41:19 INFO [app]: [KH] [C9228] GET /api/message-board/unread/C9228
2026-09-14 21:41:20 INFO [app]: [KH] [C9228] GET /api/get-filters-json/C9228
2026-09-14 21:41:20 INFO [app]: [KH] [C9228] POST /api/save-filters-json
2026-09-14 21:41:30 INFO [app]: [KH] [C9228] POST /api/getAllLoginer
2026-09-14 21:41:30 INFO [app]: 登入對應廠區: C9228 → 本廠 KH，可進入 ['KH']
2026-09-14 21:41:30 INFO [app]: [KH] [C9228] POST /api/login
2026-09-14 21:41:30 INFO [app]: [KH] [C9228] POST /api/get-username-info
2026-09-14 21:41:30 INFO [app]: [KH] [C9228] GET /data
2026-09-14 21:41:30 INFO [app]: [KH] [C9228] GET /api/unordered-count
2026-09-14 21:41:30 INFO [app]: [KH] [C9228] GET /api/requesters
2026-09-14 21:41:30 INFO [app]: [KH] [C9228] GET /api/admins
2026-09-14 21:41:30 INFO [app]: [KH] [C9228] GET /api/venders
2026-09-14 21:41:30 INFO [app]: [KH] [C9228] GET /api/get-filters-json/C9228
2026-09-14 21:41:30 INFO [app]: [KH] [C9228] GET /api/getrestofmoney
2026-09-14 21:41:30 INFO [app]: [KH] [C9228] GET /api/message-board/unread/C9228
2026-09-14 21:41:31 INFO [app]: [KH] [C9228] GET /api/get-filters-json/C9228
2026-09-14 21:41:31 INFO [app]: [KH] [C9228] POST /api/save-filters-json
2026-09-14 21:42:02 INFO [app]: [KH] [K18251] POST /api/getAllLoginer
2026-09-14 21:42:02 INFO [app]: 登入對應廠區: K18251 → 本廠 KH，可進入 ['KH', 'KL', 'NL']
2026-09-14 21:42:03 INFO [app]: [KH] [K18251] POST /api/getAllLoginer
2026-09-14 21:42:03 INFO [app]: 登入對應廠區: K18251 → 本廠 KH，可進入 ['KH', 'KL', 'NL']
2026-09-14 21:42:03 INFO [app]: [KH] [K18251] POST /api/login
2026-09-14 21:42:04 INFO [app]: [KH] [K18251] POST /api/get-username-info
2026-09-14 21:42:04 INFO [app]: [KH] [K18251] GET /data
2026-09-14 21:42:04 INFO [app]: [KH] [K18251] GET /api/unordered-count
2026-09-14 21:42:04 INFO [app]: [KH] [K18251] GET /api/requesters
2026-09-14 21:42:04 INFO [app]: [KH] [K18251] GET /api/admins
2026-09-14 21:42:04 INFO [app]: [KH] [K18251] GET /api/venders
2026-09-14 21:42:04 INFO [app]: [KH] [K18251] GET /api/get-filters-json/K18251
2026-09-14 21:42:04 INFO [app]: [KH] [K18251] GET /api/getrestofmoney
2026-09-14 21:42:04 INFO [app]: [KH] [K18251] GET /api/message-board/unread/K18251
2026-09-14 21:42:04 INFO [app]: [KH] [K18251] GET /api/get-filters-json/K18251
2026-09-14 21:42:04 INFO [app]: [KH] [K18251] POST /api/save-filters-json
2026-09-14 21:43:42 INFO [app]: 🔄 Log 系統已啟動（設定檔：D:\網頁\預計請購\config.ini，輪轉週期：7 天，保留 52 份）
2026-09-14 21:43:43 INFO [app]: 🔄 Log 系統已啟動（設定檔：D:\網頁\預計請購\config.ini，輪轉週期：7 天，保留 52 份）
2026-09-14 21:44:34 INFO [app]: [KH] [K18251] POST /api/getAllLoginer
2026-09-14 21:44:34 INFO [app]: 登入對應廠區: K18251 → 本廠 KH，可進入 ['KH', 'KL', 'NL']
2026-09-14 21:44:35 INFO [app]: [KH] [K18251] POST /api/getAllLoginer
2026-09-14 21:44:35 INFO [app]: 登入對應廠區: K18251 → 本廠 KH，可進入 ['KH', 'KL', 'NL']
2026-09-14 21:44:35 INFO [app]: [KH] [K18251] POST /api/login
2026-09-14 21:44:35 INFO [app]: [KH] [K18251] POST /api/get-username-info
2026-09-14 21:44:35 INFO [app]: [KH] [K18251] GET /data
2026-09-14 21:44:39 INFO [app]: [KH] [K18251] GET /api/unordered-count
2026-09-14 21:44:39 INFO [app]: [KH] [K18251] GET /api/requesters
2026-09-14 21:44:39 INFO [app]: [KH] [K18251] GET /api/admins
2026-09-14 21:44:39 INFO [app]: [KH] [K18251] GET /api/venders
2026-09-14 21:44:39 INFO [app]: [KH] [K18251] GET /api/get-filters-json/K18251
2026-09-14 21:44:39 INFO [app]: [KH] [K18251] GET /api/getrestofmoney
2026-09-14 21:44:40 INFO [app]: [KH] [K18251] GET /api/message-board/unread/K18251
2026-09-14 21:44:40 INFO [app]: [KH] [K18251] GET /api/get-filters-json/K18251
2026-09-14 21:44:40 INFO [app]: [KH] [K18251] POST /api/save-filters-json
2026-09-14 21:54:50 INFO [app]: 🔄 Log 系統已啟動（設定檔：D:\網頁\預計請購\config.ini，輪轉週期：7 天，保留 52 份）
2026-09-14 21:54:50 INFO [app]: ✅ [KH] 資料檔齊全 (static/data\KH)
2026-09-14 21:54:50 INFO [app]: ✅ [KL] 資料檔齊全 (static/data\KL)
2026-09-14 21:54:50 INFO [app]: ✅ [NL] 資料檔齊全 (static/data\NL)
2026-09-14 21:54:56 INFO [app]: 🔄 Log 系統已啟動（設定檔：D:\網頁\預計請購\config.ini，輪轉週期：7 天，保留 52 份）
2026-09-14 21:54:56 INFO [app]: ✅ [KH] 資料檔齊全 (static/data\KH)
2026-09-14 21:54:56 INFO [app]: ✅ [KL] 資料檔齊全 (static/data\KL)
2026-09-14 21:54:56 INFO [app]: ✅ [NL] 資料檔齊全 (static/data\NL)
2026-09-14 21:54:57 INFO [app]: 🔄 Log 系統已啟動（設定檔：D:\網頁\預計請購\config.ini，輪轉週期：7 天，保留 52 份）
2026-09-14 21:54:57 INFO [app]: ✅ [KH] 資料檔齊全 (static/data\KH)
2026-09-14 21:54:57 INFO [app]: ✅ [KL] 資料檔齊全 (static/data\KL)
2026-09-14 21:54:57 INFO [app]: ✅ [NL] 資料檔齊全 (static/data\NL)
2026-09-14 21:55:18 INFO [app]: 🔄 Log 系統已啟動（設定檔：D:\網頁\預計請購\config.ini，輪轉週期：7 天，保留 52 份）
2026-09-14 21:55:18 INFO [app]: ✅ [KH] 資料檔齊全 (static/data\KH)
2026-09-14 21:55:18 INFO [app]: ✅ [KL] 資料檔齊全 (static/data\KL)
2026-09-14 21:55:18 INFO [app]: ✅ [NL] 資料檔齊全 (static/data\NL)
2026-09-14 21:55:18 INFO [app]: 🔄 Log 系統已啟動（設定檔：D:\網頁\預計請購\config.ini，輪轉週期：7 天，保留 52 份）
2026-09-14 21:55:18 INFO [app]: ✅ [KH] 資料檔齊全 (static/data\KH)
2026-09-14 21:55:18 INFO [app]: ✅ [KL] 資料檔齊全 (static/data\KL)
2026-09-14 21:55:18 INFO [app]: ✅ [NL] 資料檔齊全 (static/data\NL)
2026-09-14 21:55:23 INFO [app]: [KH] [K18251] POST /api/getAllLoginer
2026-09-14 21:55:23 INFO [app]: 登入對應廠區: K18251 → 本廠 KH，可進入 ['KH', 'KL', 'NL']
2026-09-14 21:55:25 INFO [app]: [KH] [K18251] POST /api/getAllLoginer
2026-09-14 21:55:25 INFO [app]: 登入對應廠區: K18251 → 本廠 KH，可進入 ['KH', 'KL', 'NL']
2026-09-14 21:55:25 INFO [app]: [KH] [K18251] POST /api/login
2026-09-14 21:55:25 INFO [app]: [KH] [K18251] POST /api/get-username-info
2026-09-14 21:55:25 INFO [app]: [KH] [K18251] GET /data
2026-09-14 21:55:28 INFO [app]: [KH] [K18251] GET /api/unordered-count
2026-09-14 21:55:29 INFO [app]: [KH] [K18251] GET /api/requesters
2026-09-14 21:55:29 INFO [app]: [KH] [K18251] GET /api/admins
2026-09-14 21:55:29 INFO [app]: [KH] [K18251] GET /api/venders
2026-09-14 21:55:29 INFO [app]: [KH] [K18251] GET /api/get-filters-json/K18251
2026-09-14 21:55:29 INFO [app]: [KH] [K18251] GET /api/getrestofmoney
2026-09-14 21:55:29 INFO [app]: [KH] [K18251] GET /api/message-board/unread/K18251
2026-09-14 21:55:29 INFO [app]: [KH] [K18251] GET /api/get-filters-json/K18251
2026-09-14 21:55:29 INFO [app]: [KH] [K18251] POST /api/save-filters-json
2026-09-14 21:55:34 INFO [app]: [KH] [C9228] POST /api/getAllLoginer
2026-09-14 21:55:34 INFO [app]: 登入對應廠區: C9228 → 本廠 KH，可進入 ['KH']
2026-09-14 21:55:34 INFO [app]: [KH] [C9228] POST /api/login
2026-09-14 21:55:34 INFO [app]: [KH] [C9228] POST /api/get-username-info
2026-09-14 21:55:34 INFO [app]: [KH] [C9228] GET /data
2026-09-14 21:55:37 INFO [app]: [KH] [C9228] GET /api/unordered-count
2026-09-14 21:55:37 INFO [app]: [KH] [C9228] GET /api/requesters
2026-09-14 21:55:37 INFO [app]: [KH] [C9228] GET /api/admins
2026-09-14 21:55:37 INFO [app]: [KH] [C9228] GET /api/venders
2026-09-14 21:55:37 INFO [app]: [KH] [C9228] GET /api/get-filters-json/C9228
2026-09-14 21:55:37 INFO [app]: [KH] [C9228] GET /api/getrestofmoney
2026-09-14 21:55:37 INFO [app]: [KH] [C9228] GET /api/message-board/unread/C9228
2026-09-14 21:55:38 INFO [app]: [KH] [C9228] GET /api/get-filters-json/C9228
2026-09-14 21:55:38 INFO [app]: [KH] [C9228] POST /api/save-filters-json
2026-09-14 21:55:48 INFO [app]: [KH] [K55563] POST /api/getAllLoginer
2026-09-14 21:55:48 INFO [app]: 登入對應廠區: K55563 → 本廠 KL，可進入 ['KL']
2026-09-14 21:55:48 INFO [app]: [KL] [K55563] POST /api/login
2026-09-14 21:55:49 INFO [app]: [KL] [K55563] POST /api/get-username-info
2026-09-14 21:55:49 INFO [app]: [KL] [K55563] GET /data
2026-09-14 21:55:49 INFO [app]: [KL] [K55563] GET /api/unordered-count
2026-09-14 21:55:49 INFO [app]: [KL] [K55563] GET /api/requesters
2026-09-14 21:55:49 INFO [app]: [KL] [K55563] GET /api/admins
2026-09-14 21:55:49 INFO [app]: [KL] [K55563] GET /api/venders
2026-09-14 21:55:49 INFO [app]: [KL] [K55563] GET /api/get-filters-json/K55563
2026-09-14 21:55:49 INFO [app]: [KL] [K55563] GET /api/getrestofmoney
2026-09-14 21:55:49 INFO [app]: [KL] [K55563] GET /api/message-board/unread/K55563
2026-09-14 21:55:49 INFO [app]: [KL] [K55563] GET /api/get-filters-json/K55563
2026-09-14 21:55:49 INFO [app]: [KL] [K55563] POST /api/save-filters-json
2026-09-14 22:02:38 INFO [app]: [KH] [K55563] POST /api/getAllLoginer
2026-09-14 22:02:38 INFO [app]: 登入對應廠區: K55563 → 本廠 KL，可進入 ['KL']
2026-09-14 22:02:38 INFO [app]: [KL] [K55563] POST /api/login
2026-09-14 22:02:39 INFO [app]: [KL] [K55563] POST /api/get-username-info
2026-09-14 22:02:39 INFO [app]: [KL] [K55563] GET /data
2026-09-14 22:02:39 INFO [app]: [KL] [K55563] GET /api/unordered-count
2026-09-14 22:02:39 INFO [app]: [KL] [K55563] GET /api/requesters
2026-09-14 22:02:39 INFO [app]: [KL] [K55563] GET /api/admins
2026-09-14 22:02:39 INFO [app]: [KL] [K55563] GET /api/venders
2026-09-14 22:02:39 INFO [app]: [KL] [K55563] GET /api/get-filters-json/K55563
2026-09-14 22:02:39 INFO [app]: [KL] [K55563] GET /api/getrestofmoney
2026-09-14 22:02:39 INFO [app]: [KL] [K55563] GET /api/message-board/unread/K55563
2026-09-14 22:02:39 INFO [app]: [KL] [K55563] GET /api/get-filters-json/K55563
2026-09-14 22:02:39 INFO [app]: [KL] [K55563] POST /api/save-filters-json
2026-09-14 22:02:41 INFO [app]: [KL] [K55563] GET /api/get-filters-json/K55563
2026-09-14 22:02:41 INFO [app]: [KL] [K55563] GET /api/admins
2026-09-14 22:02:41 INFO [app]: [KL] [K55563] GET /api/buyer_detail
2026-09-14 22:02:41 INFO [app]: [KL] [K55563] GET /api/get_unaccounted_amount
2026-09-14 22:02:41 INFO [app]: [KL] [K55563] GET /api/accounting_summary
2026-09-14 22:02:41 INFO [app]: [KL] [K55563] GET /api/monthly_actual_accounting
2026-09-14 22:02:41 INFO [app]: [KL] [K55563] GET /api/getrestofmoney
2026-09-14 22:02:41 INFO [app]: [KL] [K55563] GET /api/next_month_amount
2026-09-14 22:02:41 INFO [app]: ✅ 計算金額欄位已建立
2026-09-14 22:02:41 INFO [app]: 📅 下個月日期範圍: 2026-10-01 ~ 2026-10-31
2026-09-14 22:02:41 INFO [app]: 🔢 整數格式: 20261001 ~ 20261031
2026-09-14 22:02:41 INFO [app]: ✅ 符合條件的資料共 0 筆
2026-09-14 22:02:41 INFO [app]: 💰 下個月預計入帳總金額: 0 元
2026-09-14 22:02:41 INFO [app]: ✅ API 執行成功
2026-09-14 22:02:42 INFO [app]: [KL] [K55563] POST /api/get-username-info
2026-09-14 22:02:42 INFO [app]: [KL] [K55563] GET /data
2026-09-14 22:02:42 INFO [app]: [KL] [K55563] GET /api/unordered-count
2026-09-14 22:02:42 INFO [app]: [KL] [K55563] GET /api/requesters
2026-09-14 22:02:42 INFO [app]: [KL] [K55563] GET /api/admins
2026-09-14 22:02:42 INFO [app]: [KL] [K55563] GET /api/venders
2026-09-14 22:02:42 INFO [app]: [KL] [K55563] GET /api/get-filters-json/K55563
2026-09-14 22:02:42 INFO [app]: [KL] [K55563] GET /api/getrestofmoney
2026-09-14 22:02:42 INFO [app]: [KL] [K55563] GET /api/message-board/unread/K55563
2026-09-14 22:02:43 INFO [app]: [KL] [K55563] GET /api/get-filters-json/K55563
2026-09-14 22:02:43 INFO [app]: [KL] [K55563] POST /api/save-filters-json
2026-09-14 22:02:43 INFO [app]: [KL] [K55563] GET /api/get-all-items-with-approval
2026-09-14 22:02:43 INFO [app]: [KL] [K55563] GET /api/buyer_detail
2026-09-14 22:02:55 INFO [app]: [KL] [K55563] POST /api/get-username-info
2026-09-14 22:02:55 INFO [app]: [KL] [K55563] GET /data
2026-09-14 22:02:55 INFO [app]: [KL] [K55563] GET /api/unordered-count
2026-09-14 22:02:55 INFO [app]: [KL] [K55563] GET /api/requesters
2026-09-14 22:02:55 INFO [app]: [KL] [K55563] GET /api/admins
2026-09-14 22:02:55 INFO [app]: [KL] [K55563] GET /api/venders
2026-09-14 22:02:55 INFO [app]: [KL] [K55563] GET /api/get-filters-json/K55563
2026-09-14 22:02:55 INFO [app]: [KL] [K55563] GET /api/getrestofmoney
2026-09-14 22:02:55 INFO [app]: [KL] [K55563] GET /api/message-board/unread/K55563
2026-09-14 22:02:56 INFO [app]: [KL] [K55563] GET /api/get-filters-json/K55563
2026-09-14 22:02:56 INFO [app]: [KL] [K55563] POST /api/save-filters-json
2026-09-14 22:03:03 INFO [app]: [KL] [K55563] GET /api/get-all-items-with-approval
2026-09-14 22:03:03 INFO [app]: [KL] [K55563] GET /api/buyer_detail
2026-09-14 22:03:33 INFO [app]: [KL] [K55563] GET /api/get-all-items-with-approval
2026-09-14 22:04:03 INFO [app]: [KL] [K55563] GET /api/get-all-items-with-approval
2026-09-14 22:04:33 INFO [app]: [KL] [K55563] GET /api/get-all-items-with-approval
2026-09-14 22:05:03 INFO [app]: [KL] [K55563] GET /api/get-all-items-with-approval
2026-09-14 22:05:33 INFO [app]: [KL] [K55563] GET /api/get-all-items-with-approval
2026-09-14 22:06:03 INFO [app]: [KL] [K55563] GET /api/get-all-items-with-approval
2026-09-14 22:06:33 INFO [app]: [KL] [K55563] GET /api/get-all-items-with-approval
2026-09-14 22:07:00 INFO [app]: [KL] [K55563] POST /api/get-username-info
2026-09-14 22:07:00 INFO [app]: [KL] [K55563] GET /data
2026-09-14 22:07:00 INFO [app]: [KL] [K55563] GET /api/unordered-count
2026-09-14 22:07:00 INFO [app]: [KL] [K55563] GET /api/requesters
2026-09-14 22:07:00 INFO [app]: [KL] [K55563] GET /api/admins
2026-09-14 22:07:00 INFO [app]: [KL] [K55563] GET /api/venders
2026-09-14 22:07:00 INFO [app]: [KL] [K55563] GET /api/get-filters-json/K55563
2026-09-14 22:07:00 INFO [app]: [KL] [K55563] GET /api/getrestofmoney
2026-09-14 22:07:00 INFO [app]: [KL] [K55563] GET /api/message-board/unread/K55563
2026-09-14 22:07:01 INFO [app]: [KL] [K55563] GET /api/get-filters-json/K55563
2026-09-14 22:07:01 INFO [app]: [KL] [K55563] POST /api/save-filters-json
2026-09-14 22:07:03 INFO [app]: [KL] [K55563] POST /api/get-username-info
2026-09-14 22:07:03 INFO [app]: [KL] [K55563] GET /data
2026-09-14 22:07:03 INFO [app]: [KL] [K55563] GET /api/unordered-count
2026-09-14 22:07:03 INFO [app]: [KL] [K55563] GET /api/requesters
2026-09-14 22:07:03 INFO [app]: [KL] [K55563] GET /api/admins
2026-09-14 22:07:03 INFO [app]: [KL] [K55563] GET /api/venders
2026-09-14 22:07:03 INFO [app]: [KL] [K55563] GET /api/get-filters-json/K55563
2026-09-14 22:07:03 INFO [app]: [KL] [K55563] GET /api/getrestofmoney
2026-09-14 22:07:03 INFO [app]: [KL] [K55563] GET /api/message-board/unread/K55563
2026-09-14 22:07:04 INFO [app]: [KL] [K55563] POST /api/get-username-info
2026-09-14 22:07:04 INFO [app]: [KL] [K55563] GET /data
2026-09-14 22:07:04 INFO [app]: [KL] [K55563] GET /api/unordered-count
2026-09-14 22:07:04 INFO [app]: [KL] [K55563] GET /api/requesters
2026-09-14 22:07:04 INFO [app]: [KL] [K55563] GET /api/admins
2026-09-14 22:07:04 INFO [app]: [KL] [K55563] GET /api/venders
2026-09-14 22:07:04 INFO [app]: [KL] [K55563] GET /api/get-filters-json/K55563
2026-09-14 22:07:04 INFO [app]: [KL] [K55563] GET /api/getrestofmoney
2026-09-14 22:07:04 INFO [app]: [KL] [K55563] GET /api/message-board/unread/K55563
2026-09-14 22:07:05 INFO [app]: [KL] [K55563] GET /api/buyer_detail
2026-09-14 22:07:05 INFO [app]: [KL] [K55563] GET /api/get_unaccounted_amount
2026-09-14 22:07:05 INFO [app]: [KL] [K55563] GET /api/accounting_summary
2026-09-14 22:07:05 INFO [app]: [KL] [K55563] GET /api/monthly_actual_accounting
2026-09-14 22:07:05 INFO [app]: [KL] [K55563] GET /api/getrestofmoney
2026-09-14 22:07:05 INFO [app]: [KL] [K55563] GET /api/next_month_amount
2026-09-14 22:07:05 INFO [app]: ✅ 計算金額欄位已建立
2026-09-14 22:07:05 INFO [app]: 📅 下個月日期範圍: 2026-10-01 ~ 2026-10-31
2026-09-14 22:07:05 INFO [app]: 🔢 整數格式: 20261001 ~ 20261031
2026-09-14 22:07:05 INFO [app]: ✅ 符合條件的資料共 0 筆
2026-09-14 22:07:05 INFO [app]: 💰 下個月預計入帳總金額: 0 元
2026-09-14 22:07:05 INFO [app]: ✅ API 執行成功
